,Fluxo de Caixa,,,,,,,,,,,,,,,,,,,,,,,,,,,,,,,,,,,,,,,,,,,,,,,,,,,,,,,,,,,,,,,,,,,
, Ano do Fluxo:,1,,,,2,,,,3,,,,4,,,,5,,,,6,,,,7,,,,8,,,,9,,,,10,,,,11,,,,12,,,,,,,,,,,,,,,,,,,,,,
,2025,JANEIRO,,,,FEVEREIRO,,,,MARÇO,,,,ABRIL,,,,MAIO,,,,JUNHO,,,,JULHO,,,,AGOSTO,,,,SETEMBRO,,,,OUTUBRO,,,,NOVEMBRO,,,,DEZEMBRO,,,,Total Ano,,,,,1° Semestre,,,,,1° trimestre,,,,,2° trimestre,,,
,, Previsto, Realizado, AH, AV, Previsto, Realizado, AH, AV, Previsto, Realizado, AH, AV, Previsto, Realizado, AH, AV, Previsto, Realizado, AH, AV, Previsto, Realizado, AH, AV, Previsto, Realizado, AH, AV, Previsto, Realizado, AH, AV, Previsto, Realizado, AH, AV, Previsto, Realizado, AH, AV, Previsto, Realizado, AH, AV, Previsto, Realizado, AH, AV, Total Previsto, Total Realizado, AH, AV,, Total Previsto, Total Realizado, AH, AV,, Total Previsto, Total Realizado, AH, AV,, Total Previsto, Total Realizado, AH, AV
, Receita,"61.994,00 ","104.990,13 ",169%,100%,"145.688,00 ","52.569,83 ",36%,100%,"238.088,00 ","68.015,62 ",29%,100%,"246.338,00 ","84.392,14 ",34%,100%,"341.588,00 ","259.970,00 ",76%,100%,"336.588,00 ","80.866,36 ",24%,100%,"309.088,00 ","109.262,26 ",35%,100%,"374.088,00 ","0,00 ",0%,100%,"255.688,00 ","0,00 ",0%,100%,"285.688,00 ","0,00 ",0%,100%,"305.272,00 ","0,00 ",0%,100%,"222.888,00 ","0,00 ",0%,100%,"3.122.996,00 ","760.066,34 ",24%,100%,,"1.370.284,00 ","650.804,08 ",47%,100%,,"445.770,00 ","225.575,58 ",51%,100%,,"924.514,00 ","425.228,50 ",46%,100%
,Vendas Cursos pelo o comercial,,"6.328,61 ",0%,6%,,"3.224,90 ",0%,3%,,"3.007,00 ",0%,3%,,"7.978,44 ",0%,8%,,"1.940,00 ",0%,2%,,"6.509,30 ",0%,6%,,"3.319,30 ",0%,3%,,"0,00 ",0%,0%,,"0,00 ",0%,0%,,"0,00 ",0%,0%,,"0,00 ",0%,0%,,"0,00 ",0%,0%,"0,00 ","32.307,55 ",0%,31%,,"0,00 ","28.988,25 ",0%,4%,,"0,00 ","12.560,51 ",0%,6%,,"0,00 ","16.427,74 ",0%,4%
,Treinamentos B2B,,"0,00 ",0%,0%,,"0,00 ",0%,0%,,"0,00 ",0%,0%,,"0,00 ",0%,0%,,"0,00 ",0%,0%,,"0,00 ",0%,0%,,"0,00 ",0%,0%,,"0,00 ",0%,0%,,"0,00 ",0%,0%,,"0,00 ",0%,0%,,"0,00 ",0%,0%,,"0,00 ",0%,0%,"0,00 ","0,00 ",0%,0%,,"0,00 ","0,00 ",0%,0%,,"0,00 ","0,00 ",0%,0%,,"0,00 ","0,00 ",0%,0%
,Treinamentos e consultorias B2B,"54.000,00 ","0,00 ",0%,0%,"67.000,00 ","0,00 ",0%,0%,"90.000,00 ","0,00 ",0%,0%,"93.750,00 ","64.855,00 ",69%,62%,"154.000,00 ","22.855,00 ",15%,22%,"154.000,00 ","10.000,00 ",6%,10%,"154.000,00 ","14.100,00 ",9%,13%,"154.000,00 ","0,00 ",0%,0%,"154.000,00 ","0,00 ",0%,0%,"154.000,00 ","0,00 ",0%,0%,"154.000,00 ","0,00 ",0%,0%,"117.000,00 ","0,00 ",0%,0%,"1.499.750,00 ","111.810,00 ",7%,106%,,"612.750,00 ","97.710,00 ",16%,15%,,"211.000,00 ","0,00 ",0%,0%,,"401.750,00 ","97.710,00 ",24%,23%
,Treinamentos e consultorias Contratos antigos,,"85.167,02 ",0%,81%,"60.694,00 ","35.847,43 ",59%,34%,"137.594,00 ","54.018,12 ",39%,51%,"140.094,00 ","0,00 ",0%,0%,"165.094,00 ","224.178,98 ",136%,214%,"170.094,00 ","53.364,56 ",31%,51%,"142.594,00 ","80.628,46 ",57%,77%,"197.594,00 ","0,00 ",0%,0%,"89.194,00 ","0,00 ",0%,0%,"119.194,00 ","0,00 ",0%,0%,"118.778,00 ","0,00 ",0%,0%,"93.394,00 ","0,00 ",0%,0%,"1.434.318,00 ","533.204,57 ",37%,508%,,"673.570,00 ","452.576,11 ",67%,70%,,"198.288,00 ","175.032,57 ",88%,78%,,"475.282,00 ","277.543,54 ",58%,65%
,Vendas B2C - Marketing,,"0,00 ",0%,0%,,"0,00 ",0%,0%,,"0,00 ",0%,0%,,"0,00 ",0%,0%,,"0,00 ",0%,0%,,"0,00 ",0%,0%,,"0,00 ",0%,0%,,"0,00 ",0%,0%,,"0,00 ",0%,0%,,"0,00 ",0%,0%,,"0,00 ",0%,0%,,"0,00 ",0%,0%,"0,00 ","0,00 ",0%,0%,,"0,00 ","0,00 ",0%,0%,,"0,00 ","0,00 ",0%,0%,,"0,00 ","0,00 ",0%,0%
,Venda B2C - Comercial,,"0,00 ",0%,0%,"10.000,00 ","0,00 ",0%,0%,,"0,00 ",0%,0%,,"0,00 ",0%,0%,"10.000,00 ","0,00 ",0%,0%,,"0,00 ",0%,0%,,"0,00 ",0%,0%,"10.000,00 ","0,00 ",0%,0%,,"0,00 ",0%,0%,,"0,00 ",0%,0%,"20.000,00 ","0,00 ",0%,0%,,"0,00 ",0%,0%,"50.000,00 ","0,00 ",0%,0%,,"20.000,00 ","0,00 ",0%,0%,,"10.000,00 ","0,00 ",0%,0%,,"10.000,00 ","0,00 ",0%,0%
,Marketing B2B para clientes,"7.994,00 ","13.494,50 ",169%,13%,"7.994,00 ","13.497,50 ",169%,13%,"10.494,00 ","10.990,50 ",105%,10%,"12.494,00 ","10.894,50 ",87%,10%,"12.494,00 ","10.992,50 ",88%,10%,"12.494,00 ","10.992,50 ",88%,10%,"12.494,00 ","10.984,50 ",88%,10%,"12.494,00 ","0,00 ",0%,0%,"12.494,00 ","0,00 ",0%,0%,"12.494,00 ","0,00 ",0%,0%,"12.494,00 ","0,00 ",0%,0%,"12.494,00 ","0,00 ",0%,0%,"138.928,00 ","81.846,50 ",59%,78%,,"63.964,00 ","70.862,00 ",111%,11%,,"26.482,00 ","37.982,50 ",143%,17%,,"37.482,00 ","32.879,50 ",88%,8%
,Vendas de Ferramentas,,"0,00 ",0%,0%,,"0,00 ",0%,0%,,"0,00 ",0%,0%,,"0,00 ",0%,0%,,"0,00 ",0%,0%,,"0,00 ",0%,0%,,"0,00 ",0%,0%,,"0,00 ",0%,0%,,"0,00 ",0%,0%,,"0,00 ",0%,0%,,"0,00 ",0%,0%,,"0,00 ",0%,0%,"0,00 ","0,00 ",0%,0%,,"0,00 ","0,00 ",0%,0%,,"0,00 ","0,00 ",0%,0%,,"0,00 ","0,00 ",0%,0%
,Outras receitas,,"0,00 ",0%,0%,,"0,00 ",0%,0%,,"0,00 ",0%,0%,,"664,20 ",0%,1%,,"3,52 ",0%,0%,,"0,00 ",0%,0%,,"230,00 ",0%,0%,,"0,00 ",0%,0%,,"0,00 ",0%,0%,,"0,00 ",0%,0%,,"0,00 ",0%,0%,,"0,00 ",0%,0%,"0,00 ","897,72 ",0%,1%,,"0,00 ","667,72 ",0%,0%,,"0,00 ","0,00 ",0%,0%,,"0,00 ","667,72 ",0%,0%
,,,"0,00 ",0%,0%,,"0,00 ",0%,0%,,"0,00 ",0%,0%,,"0,00 ",0%,0%,,"0,00 ",0%,0%,,"0,00 ",0%,0%,,"0,00 ",0%,0%,,"0,00 ",0%,0%,,"0,00 ",0%,0%,,"0,00 ",0%,0%,,"0,00 ",0%,0%,,"0,00 ",0%,0%,"0,00 ","0,00 ",0%,0%,,"0,00 ","0,00 ",0%,0%,,"0,00 ","0,00 ",0%,0%,,"0,00 ","0,00 ",0%,0%
,,,"0,00 ",0%,0%,,"0,00 ",0%,0%,,"0,00 ",0%,0%,,"0,00 ",0%,0%,,"0,00 ",0%,0%,,"0,00 ",0%,0%,,"0,00 ",0%,0%,,"0,00 ",0%,0%,,"0,00 ",0%,0%,,"0,00 ",0%,0%,,"0,00 ",0%,0%,,"0,00 ",0%,0%,"0,00 ","0,00 ",0%,0%,,"0,00 ","0,00 ",0%,0%,,"0,00 ","0,00 ",0%,0%,,"0,00 ","0,00 ",0%,0%
,,,"0,00 ",0%,0%,,"0,00 ",0%,0%,,"0,00 ",0%,0%,,"0,00 ",0%,0%,,"0,00 ",0%,0%,,"0,00 ",0%,0%,,"0,00 ",0%,0%,,"0,00 ",0%,0%,,"0,00 ",0%,0%,,"0,00 ",0%,0%,,"0,00 ",0%,0%,,"0,00 ",0%,0%,"0,00 ","0,00 ",0%,0%,,"0,00 ","0,00 ",0%,0%,,"0,00 ","0,00 ",0%,0%,,"0,00 ","0,00 ",0%,0%
,,,"0,00 ",0%,0%,,"0,00 ",0%,0%,,"0,00 ",0%,0%,,"0,00 ",0%,0%,,"0,00 ",0%,0%,,"0,00 ",0%,0%,,"0,00 ",0%,0%,,"0,00 ",0%,0%,,"0,00 ",0%,0%,,"0,00 ",0%,0%,,"0,00 ",0%,0%,,"0,00 ",0%,0%,"0,00 ","0,00 ",0%,0%,,"0,00 ","0,00 ",0%,0%,,"0,00 ","0,00 ",0%,0%,,"0,00 ","0,00 ",0%,0%
,,,"0,00 ",0%,0%,,"0,00 ",0%,0%,,"0,00 ",0%,0%,,"0,00 ",0%,0%,,"0,00 ",0%,0%,,"0,00 ",0%,0%,,"0,00 ",0%,0%,,"0,00 ",0%,0%,,"0,00 ",0%,0%,,"0,00 ",0%,0%,,"0,00 ",0%,0%,,"0,00 ",0%,0%,"0,00 ","0,00 ",0%,0%,,"0,00 ","0,00 ",0%,0%,,"0,00 ","0,00 ",0%,0%,,"0,00 ","0,00 ",0%,0%
, Receita Financeira,"0,00 ","0,00 ",0%,0%,"0,00 ","0,00 ",0%,0%,"0,00 ","0,00 ",0%,0%,"0,00 ","0,00 ",0%,0%,"0,00 ","0,00 ",0%,0%,"0,00 ","0,00 ",0%,0%,"0,00 ","0,00 ",0%,0%,"0,00 ","0,00 ",0%,0%,"0,00 ","0,00 ",0%,0%,"0,00 ","0,00 ",0%,0%,"0,00 ","0,00 ",0%,0%,"0,00 ","0,00 ",0%,0%,"0,00 ","0,00 ",0%,0%,,"0,00 ","0,00 ",0%,0%,,"0,00 ","0,00 ",0%,0%,,"0,00 ","0,00 ",0%,0%
,Rendimentos de Aplicações Financeiras,,"0,00 ",0%,0%,,"0,00 ",0%,0%,,"0,00 ",0%,0%,,"0,00 ",0%,0%,,"0,00 ",0%,0%,,"0,00 ",0%,0%,,"0,00 ",0%,0%,,"0,00 ",0%,0%,,"0,00 ",0%,0%,,"0,00 ",0%,0%,,"0,00 ",0%,0%,,"0,00 ",0%,0%,"0,00 ","0,00 ",0%,0%,,"0,00 ","0,00 ",0%,0%,,"0,00 ","0,00 ",0%,0%,,"0,00 ","0,00 ",0%,0%
,Juros e Descontos Obtidos,,"0,00 ",0%,0%,,"0,00 ",0%,0%,,"0,00 ",0%,0%,,"0,00 ",0%,0%,,"0,00 ",0%,0%,,"0,00 ",0%,0%,,"0,00 ",0%,0%,,"0,00 ",0%,0%,,"0,00 ",0%,0%,,"0,00 ",0%,0%,,"0,00 ",0%,0%,,"0,00 ",0%,0%,"0,00 ","0,00 ",0%,0%,,"0,00 ","0,00 ",0%,0%,,"0,00 ","0,00 ",0%,0%,,"0,00 ","0,00 ",0%,0%
,,,"0,00 ",0%,0%,,"0,00 ",0%,0%,,"0,00 ",0%,0%,,"0,00 ",0%,0%,,"0,00 ",0%,0%,,"0,00 ",0%,0%,,"0,00 ",0%,0%,,"0,00 ",0%,0%,,"0,00 ",0%,0%,,"0,00 ",0%,0%,,"0,00 ",0%,0%,,"0,00 ",0%,0%,"0,00 ","0,00 ",0%,0%,,"0,00 ","0,00 ",0%,0%,,"0,00 ","0,00 ",0%,0%,,"0,00 ","0,00 ",0%,0%
,,,"0,00 ",0%,0%,,"0,00 ",0%,0%,,"0,00 ",0%,0%,,"0,00 ",0%,0%,,"0,00 ",0%,0%,,"0,00 ",0%,0%,,"0,00 ",0%,0%,,"0,00 ",0%,0%,,"0,00 ",0%,0%,,"0,00 ",0%,0%,,"0,00 ",0%,0%,,"0,00 ",0%,0%,"0,00 ","0,00 ",0%,0%,,"0,00 ","0,00 ",0%,0%,,"0,00 ","0,00 ",0%,0%,,"0,00 ","0,00 ",0%,0%
,,,"0,00 ",0%,0%,,"0,00 ",0%,0%,,"0,00 ",0%,0%,,"0,00 ",0%,0%,,"0,00 ",0%,0%,,"0,00 ",0%,0%,,"0,00 ",0%,0%,,"0,00 ",0%,0%,,"0,00 ",0%,0%,,"0,00 ",0%,0%,,"0,00 ",0%,0%,,"0,00 ",0%,0%,"0,00 ","0,00 ",0%,0%,,"0,00 ","0,00 ",0%,0%,,"0,00 ","0,00 ",0%,0%,,"0,00 ","0,00 ",0%,0%
, Deduções,"33.125,00 ","38.713,64 ",117%,37%,"19.616,04 ","783,40 ",4%,1%,"36.240,00 ","22.110,91 ",61%,21%,"37.440,00 ","0,00 ",0%,0%,"47.040,00 ","48.365,21 ",103%,46%,"49.440,00 ","811,12 ",2%,1%,"43.440,00 ","409,24 ",1%,0%,"52.240,00 ","0,00 ",0%,0%,"36.406,00 ","0,00 ",0%,0%,"39.696,00 ","0,00 ",0%,0%,"30.128,00 ","0,00 ",0%,0%,"30.128,00 ","0,00 ",0%,0%,"454.939,04 ","111.193,52 ",24%,106%,,"222.901,04 ","110.784,28 ",50%,17%,,"88.981,04 ","61.607,95 ",69%,27%,,"133.920,00 ","49.176,33 ",37%,12%
,Simples Nacional,"32.500,00 ","38.713,64 ",119%,37%,"18.991,04 ","783,40 ",4%,1%,"35.615,00 ","21.787,45 ",61%,21%,"36.815,00 ","0,00 ",0%,0%,"46.415,00 ","47.561,69 ",102%,45%,"48.815,00 ","0,00 ",0%,0%,"42.815,00 ","0,00 ",0%,0%,"51.615,00 ","0,00 ",0%,0%,"35.781,00 ","0,00 ",0%,0%,"39.071,00 ","0,00 ",0%,0%,"29.503,00 ","0,00 ",0%,0%,"29.503,00 ","0,00 ",0%,0%,"447.439,04 ","108.846,18 ",24%,104%,,"219.151,04 ","108.846,18 ",50%,17%,,"87.106,04 ","61.284,49 ",70%,27%,,"132.045,00 ","47.561,69 ",36%,11%
,Parcelamento Simples ,"625,00 ","0,00 ",0%,0%,"625,00 ","0,00 ",0%,0%,"625,00 ","323,46 ",52%,0%,"625,00 ","0,00 ",0%,0%,"625,00 ","803,52 ",129%,1%,"625,00 ","811,12 ",130%,1%,"625,00 ","409,24 ",65%,0%,"625,00 ","0,00 ",0%,0%,"625,00 ","0,00 ",0%,0%,"625,00 ","0,00 ",0%,0%,"625,00 ","0,00 ",0%,0%,"625,00 ","0,00 ",0%,0%,"7.500,00 ","2.347,34 ",31%,2%,,"3.750,00 ","1.938,10 ",52%,0%,,"1.875,00 ","323,46 ",17%,0%,,"1.875,00 ","1.614,64 ",86%,0%
,,,"0,00 ",0%,0%,,"0,00 ",0%,0%,,"0,00 ",0%,0%,,"0,00 ",0%,0%,,"0,00 ",0%,0%,,"0,00 ",0%,0%,,"0,00 ",0%,0%,,"0,00 ",0%,0%,,"0,00 ",0%,0%,,"0,00 ",0%,0%,,"0,00 ",0%,0%,,"0,00 ",0%,0%,"0,00 ","0,00 ",0%,0%,,"0,00 ","0,00 ",0%,0%,,"0,00 ","0,00 ",0%,0%,,"0,00 ","0,00 ",0%,0%
,,,"0,00 ",0%,0%,,"0,00 ",0%,0%,,"0,00 ",0%,0%,,"0,00 ",0%,0%,,"0,00 ",0%,0%,,"0,00 ",0%,0%,,"0,00 ",0%,0%,,"0,00 ",0%,0%,,"0,00 ",0%,0%,,"0,00 ",0%,0%,,"0,00 ",0%,0%,,"0,00 ",0%,0%,"0,00 ","0,00 ",0%,0%,,"0,00 ","0,00 ",0%,0%,,"0,00 ","0,00 ",0%,0%,,"0,00 ","0,00 ",0%,0%
,,,"0,00 ",0%,0%,,"0,00 ",0%,0%,,"0,00 ",0%,0%,,"0,00 ",0%,0%,,"0,00 ",0%,0%,,"0,00 ",0%,0%,,"0,00 ",0%,0%,,"0,00 ",0%,0%,,"0,00 ",0%,0%,,"0,00 ",0%,0%,,"0,00 ",0%,0%,,"0,00 ",0%,0%,"0,00 ","0,00 ",0%,0%,,"0,00 ","0,00 ",0%,0%,,"0,00 ","0,00 ",0%,0%,,"0,00 ","0,00 ",0%,0%
,,,"0,00 ",0%,0%,,"0,00 ",0%,0%,,"0,00 ",0%,0%,,"0,00 ",0%,0%,,"0,00 ",0%,0%,,"0,00 ",0%,0%,,"0,00 ",0%,0%,,"0,00 ",0%,0%,,"0,00 ",0%,0%,,"0,00 ",0%,0%,,"0,00 ",0%,0%,,"0,00 ",0%,0%,"0,00 ","0,00 ",0%,0%,,"0,00 ","0,00 ",0%,0%,,"0,00 ","0,00 ",0%,0%,,"0,00 ","0,00 ",0%,0%
,,,"0,00 ",0%,0%,,"0,00 ",0%,0%,,"0,00 ",0%,0%,,"0,00 ",0%,0%,,"0,00 ",0%,0%,,"0,00 ",0%,0%,,"0,00 ",0%,0%,,"0,00 ",0%,0%,,"0,00 ",0%,0%,,"0,00 ",0%,0%,,"0,00 ",0%,0%,,"0,00 ",0%,0%,"0,00 ","0,00 ",0%,0%,,"0,00 ","0,00 ",0%,0%,,"0,00 ","0,00 ",0%,0%,,"0,00 ","0,00 ",0%,0%
,,,"0,00 ",0%,0%,,"0,00 ",0%,0%,,"0,00 ",0%,0%,,"0,00 ",0%,0%,,"0,00 ",0%,0%,,"0,00 ",0%,0%,,"0,00 ",0%,0%,,"0,00 ",0%,0%,,"0,00 ",0%,0%,,"0,00 ",0%,0%,,"0,00 ",0%,0%,,"0,00 ",0%,0%,"0,00 ","0,00 ",0%,0%,,"0,00 ","0,00 ",0%,0%,,"0,00 ","0,00 ",0%,0%,,"0,00 ","0,00 ",0%,0%
, Receita Líquida ,"28.869,00 ","66.276,49 ",230%,63%,"126.071,96 ","51.786,43 ",41%,49%,"201.848,00 ","45.904,71 ",23%,44%,"208.898,00 ","84.392,14 ",40%,80%,"294.548,00 ","211.604,79 ",72%,202%,"287.148,00 ","80.055,24 ",28%,76%,"265.648,00 ","108.853,02 ",41%,104%,"321.848,00 ","0,00 ",0%,0%,"219.282,00 ","0,00 ",0%,0%,"245.992,00 ","0,00 ",0%,0%,"275.144,00 ","0,00 ",0%,0%,"192.760,00 ","0,00 ",0%,0%,"2.668.056,96 ","648.872,82 ",24%,618%,,"1.147.382,96 ","540.019,80 ",47%,83%,,"356.788,96 ","163.967,63 ",46%,73%,,"790.594,00 ","376.052,17 ",48%,88%
, Custos,"44.339,57 ","65.085,85 ",147%,62%,"81.545,44 ","42.019,93 ",52%,40%,"80.603,50 ","48.014,55 ",60%,46%,"92.001,49 ","58.705,56 ",64%,56%,"95.410,55 ","77.837,33 ",82%,74%,"89.887,86 ","73.239,60 ",81%,70%,"95.054,53 ","40.202,24 ",42%,38%,"87.811,50 ","8.186,62 ",9%,8%,"87.644,72 ","0,00 ",0%,0%,"76.071,70 ","0,00 ",0%,0%,"80.696,35 ","0,00 ",0%,0%,"64.402,27 ","0,00 ",0%,0%,"975.469,48 ","413.291,68 ",42%,394%,,"483.788,41 ","364.902,82 ",75%,56%,,"206.488,51 ","155.120,33 ",75%,69%,,"277.299,90 ","209.782,49 ",76%,49%
, Custos com Mercadorias Vendidas,"0,00 ","0,00 ",0%,0%,"0,00 ","0,00 ",0%,0%,"0,00 ","0,00 ",0%,0%,"0,00 ","0,00 ",0%,0%,"0,00 ","0,00 ",0%,0%,"0,00 ","0,00 ",0%,0%,"0,00 ","0,00 ",0%,0%,"0,00 ","0,00 ",0%,0%,"0,00 ","0,00 ",0%,0%,"0,00 ","0,00 ",0%,0%,"0,00 ","0,00 ",0%,0%,"0,00 ","0,00 ",0%,0%,"0,00 ","0,00 ",0%,0%,,"0,00 ","0,00 ",0%,0%,,"0,00 ","0,00 ",0%,0%,,"0,00 ","0,00 ",0%,0%
,Fornecedores,,"0,00 ",0%,0%,,"0,00 ",0%,0%,,"0,00 ",0%,0%,,"0,00 ",0%,0%,,"0,00 ",0%,0%,,"0,00 ",0%,0%,,"0,00 ",0%,0%,,"0,00 ",0%,0%,,"0,00 ",0%,0%,,"0,00 ",0%,0%,,"0,00 ",0%,0%,,"0,00 ",0%,0%,"0,00 ","0,00 ",0%,0%,,"0,00 ","0,00 ",0%,0%,,"0,00 ","0,00 ",0%,0%,,"0,00 ","0,00 ",0%,0%
,Compra de ferramentas para vendas,,"0,00 ",0%,0%,,"0,00 ",0%,0%,,"0,00 ",0%,0%,,"0,00 ",0%,0%,,"0,00 ",0%,0%,,"0,00 ",0%,0%,,"0,00 ",0%,0%,,"0,00 ",0%,0%,,"0,00 ",0%,0%,,"0,00 ",0%,0%,,"0,00 ",0%,0%,,"0,00 ",0%,0%,"0,00 ","0,00 ",0%,0%,,"0,00 ","0,00 ",0%,0%,,"0,00 ","0,00 ",0%,0%,,"0,00 ","0,00 ",0%,0%
,,,"0,00 ",0%,0%,,"0,00 ",0%,0%,,"0,00 ",0%,0%,,"0,00 ",0%,0%,,"0,00 ",0%,0%,,"0,00 ",0%,0%,,"0,00 ",0%,0%,,"0,00 ",0%,0%,,"0,00 ",0%,0%,,"0,00 ",0%,0%,,"0,00 ",0%,0%,,"0,00 ",0%,0%,"0,00 ","0,00 ",0%,0%,,"0,00 ","0,00 ",0%,0%,,"0,00 ","0,00 ",0%,0%,,"0,00 ","0,00 ",0%,0%
, Custos com Serviços Prestados,"17.995,49 ","29.007,76 ",161%,28%,"49.219,44 ","12.900,96 ",26%,12%,"48.277,50 ","28.164,91 ",58%,27%,"59.675,49 ","33.470,24 ",56%,32%,"63.084,55 ","48.089,35 ",76%,46%,"57.561,86 ","44.146,96 ",77%,42%,"62.728,53 ","17.221,53 ",27%,16%,"55.485,50 ","110,00 ",0%,0%,"55.318,72 ","0,00 ",0%,0%,"43.745,70 ","0,00 ",0%,0%,"36.170,35 ","0,00 ",0%,0%,"19.876,27 ","0,00 ",0%,0%,"569.139,40 ","213.111,71 ",37%,203%,,"295.814,33 ","195.780,18 ",66%,30%,,"115.492,43 ","70.073,63 ",61%,31%,,"180.321,90 ","125.706,55 ",70%,30%
,Alimentação prestação de serviços,"1.200,00 ","661,46 ",55%,1%,"1.800,00 ","944,04 ",52%,1%,"1.800,00 ","2.414,53 ",134%,2%,"1.800,00 ","1.801,14 ",100%,2%,"1.800,00 ","2.097,66 ",117%,2%,"1.800,00 ","1.722,41 ",96%,2%,"1.800,00 ","1.625,02 ",90%,2%,"1.800,00 ","110,00 ",6%,0%,"1.800,00 ","0,00 ",0%,0%,"1.800,00 ","0,00 ",0%,0%,"1.200,00 ","0,00 ",0%,0%,"1.200,00 ","0,00 ",0%,0%,"19.800,00 ","11.376,26 ",57%,11%,,"10.200,00 ","9.641,24 ",95%,1%,,"4.800,00 ","4.020,03 ",84%,2%,,"5.400,00 ","5.621,21 ",104%,1%
,Locação de veículos,"2.400,00 ","331,32 ",14%,0%,"7.200,00 ","670,26 ",9%,1%,"8.400,00 ","3.477,07 ",41%,3%,"8.400,00 ","3.049,38 ",36%,3%,"8.400,00 ","6.657,05 ",79%,6%,"8.400,00 ","4.703,02 ",56%,4%,"8.400,00 ","3.432,91 ",41%,3%,"8.400,00 ","0,00 ",0%,0%,"8.400,00 ","0,00 ",0%,0%,"6.000,00 ","0,00 ",0%,0%,"6.000,00 ","0,00 ",0%,0%,"3.600,00 ","0,00 ",0%,0%,"84.000,00 ","22.321,01 ",27%,21%,,"43.200,00 ","18.888,10 ",44%,3%,,"18.000,00 ","4.478,65 ",25%,2%,,"25.200,00 ","14.409,45 ",57%,3%
,Materiais para treinamentos,"2.400,00 ","1.885,90 ",79%,2%,"8.400,00 ","2.303,40 ",27%,2%,"8.400,00 ","1.793,88 ",21%,2%,"12.000,00 ","1.682,56 ",14%,2%,"12.000,00 ","3.276,15 ",27%,3%,"12.000,00 ","2.163,28 ",18%,2%,"12.000,00 ","4.823,93 ",40%,5%,"12.000,00 ","0,00 ",0%,0%,"12.000,00 ","0,00 ",0%,0%,"8.400,00 ","0,00 ",0%,0%,"8.400,00 ","0,00 ",0%,0%,"4.800,00 ","0,00 ",0%,0%,"112.800,00 ","17.929,10 ",16%,17%,,"55.200,00 ","13.105,17 ",24%,2%,,"19.200,00 ","5.983,18 ",31%,3%,,"36.000,00 ","7.121,99 ",20%,2%
,Serviços de Terceiros,,"0,00 ",0%,0%,"7.500,00 ","0,00 ",0%,0%,"7.500,00 ","0,00 ",0%,0%,"7.500,00 ","15.852,00 ",211%,15%,"7.500,00 ","107,38 ",1%,0%,"7.500,00 ","7.987,77 ",107%,8%,"7.500,00 ","107,38 ",1%,0%,"7.500,00 ","0,00 ",0%,0%,"7.500,00 ","0,00 ",0%,0%,"7.500,00 ","0,00 ",0%,0%,,"0,00 ",0%,0%,,"0,00 ",0%,0%,"67.500,00 ","24.054,53 ",36%,23%,,"37.500,00 ","23.947,15 ",64%,4%,,"15.000,00 ","0,00 ",0%,0%,,"22.500,00 ","23.947,15 ",106%,6%
,Hotel prestação de serviços,"3.482,56 ","2.949,76 ",85%,3%,"6.479,84 ","8.538,26 ",132%,8%,"6.337,90 ","4.822,50 ",76%,5%,"8.702,56 ","3.412,00 ",39%,3%,"9.111,65 ","2.647,37 ",29%,3%,"8.088,93 ","2.781,05 ",34%,3%,"9.588,93 ","3.583,90 ",37%,3%,"6.905,90 ","0,00 ",0%,0%,"7.405,79 ","0,00 ",0%,0%,"5.819,50 ","0,00 ",0%,0%,"4.810,75 ","0,00 ",0%,0%,"2.983,47 ","0,00 ",0%,0%,"79.717,78 ","28.734,84 ",36%,27%,,"42.203,44 ","25.150,94 ",60%,4%,,"16.300,30 ","16.310,52 ",100%,7%,,"25.903,14 ","8.840,42 ",34%,2%
,Passagem aérea,"8.512,93 ","615,19 ",7%,1%,"15.839,60 ","0,00 ",0%,0%,"15.839,60 ","2.990,51 ",19%,3%,"21.272,93 ","3.657,98 ",17%,3%,"22.272,90 ","4.298,20 ",19%,4%,"19.772,93 ","5.514,20 ",28%,5%,"23.439,60 ","2.156,73 ",9%,2%,"16.879,60 ","0,00 ",0%,0%,"18.212,93 ","0,00 ",0%,0%,"14.226,20 ","0,00 ",0%,0%,"11.759,60 ","0,00 ",0%,0%,"7.292,80 ","0,00 ",0%,0%,"195.321,62 ","19.232,81 ",10%,18%,,"103.510,89 ","17.076,08 ",16%,3%,,"40.192,13 ","3.605,70 ",9%,2%,,"63.318,76 ","13.470,38 ",21%,3%
,Comissão parceiros ,,"7.800,00 ",0%,7%,,"0,00 ",0%,0%,,"0,00 ",0%,0%,,"2.200,00 ",0%,2%,,"0,00 ",0%,0%,,"4.550,00 ",0%,4%,,"800,00 ",0%,1%,,"0,00 ",0%,0%,,"0,00 ",0%,0%,,"0,00 ",0%,0%,,"0,00 ",0%,0%,,"0,00 ",0%,0%,"0,00 ","15.350,00 ",0%,15%,,"0,00 ","14.550,00 ",0%,2%,,"0,00 ","7.800,00 ",0%,3%,,"0,00 ","6.750,00 ",0%,2%
,Comissão Junior,,"0,00 ",0%,0%,"1.000,00 ","0,00 ",0%,0%,,"0,00 ",0%,0%,,"372,74 ",0%,0%,"1.000,00 ","11.395,18 ",1140%,11%,,"0,00 ",0%,0%,,"0,00 ",0%,0%,"1.000,00 ","0,00 ",0%,0%,,"0,00 ",0%,0%,,"0,00 ",0%,0%,"2.000,00 ","0,00 ",0%,0%,,"0,00 ",0%,0%,"5.000,00 ","11.767,92 ",235%,11%,,"2.000,00 ","11.767,92 ",588%,2%,,"1.000,00 ","0,00 ",0%,0%,,"1.000,00 ","11.767,92 ",1177%,3%
,Comissão Otávio,,"0,00 ",0%,0%,"1.000,00 ","0,00 ",0%,0%,,"0,00 ",0%,0%,,"150,78 ",0%,0%,"1.000,00 ","0,00 ",0%,0%,,"0,00 ",0%,0%,,"0,00 ",0%,0%,"1.000,00 ","0,00 ",0%,0%,,"0,00 ",0%,0%,,"0,00 ",0%,0%,"2.000,00 ","0,00 ",0%,0%,,"0,00 ",0%,0%,"5.000,00 ","150,78 ",3%,0%,,"2.000,00 ","150,78 ",8%,0%,,"1.000,00 ","0,00 ",0%,0%,,"1.000,00 ","150,78 ",15%,0%
,Comissão lançamento de marketing,,"0,00 ",0%,0%,"1.000,00 ","0,00 ",0%,0%,,"0,00 ",0%,0%,,"0,00 ",0%,0%,"1.000,00 ","0,00 ",0%,0%,,"0,00 ",0%,0%,,"0,00 ",0%,0%,"1.000,00 ","0,00 ",0%,0%,,"0,00 ",0%,0%,,"0,00 ",0%,0%,"2.000,00 ","0,00 ",0%,0%,,"0,00 ",0%,0%,"5.000,00 ","0,00 ",0%,0%,,"2.000,00 ","0,00 ",0%,0%,,"1.000,00 ","0,00 ",0%,0%,,"1.000,00 ","0,00 ",0%,0%
,Comissão Closer,"2.900,00 ","447,21 ",15%,0%,"3.750,00 ","0,00 ",0%,0%,"4.500,00 ","0,00 ",0%,0%,"6.250,00 ","409,56 ",7%,0%,"6.250,00 ","400,50 ",6%,0%,"6.250,00 ","567,30 ",9%,1%,"6.250,00 ","91,66 ",1%,0%,"6.250,00 ","0,00 ",0%,0%,"6.250,00 ","0,00 ",0%,0%,"6.250,00 ","0,00 ",0%,0%,"3.750,00 ","0,00 ",0%,0%,"2.500,00 ","0,00 ",0%,0%,"61.150,00 ","1.916,23 ",3%,2%,,"29.900,00 ","1.824,57 ",6%,0%,,"11.150,00 ","447,21 ",4%,0%,,"18.750,00 ","1.377,36 ",7%,0%
,Comissão SDR,"1.800,00 ","220,00 ",12%,0%,"1.800,00 ","440,00 ",24%,0%,"1.800,00 ","360,00 ",20%,0%,"1.800,00 ","800,00 ",44%,1%,"1.800,00 ","960,50 ",53%,1%,"1.800,00 ","1.160,00 ",64%,1%,"1.800,00 ","600,00 ",33%,1%,"1.800,00 ","0,00 ",0%,0%,"1.800,00 ","0,00 ",0%,0%,"1.800,00 ","0,00 ",0%,0%,"1.800,00 ","0,00 ",0%,0%,"1.800,00 ","0,00 ",0%,0%,"21.600,00 ","4.540,50 ",21%,4%,,"10.800,00 ","3.940,50 ",36%,1%,,"5.400,00 ","1.020,00 ",19%,0%,,"5.400,00 ","2.920,50 ",54%,1%
,Comissão parceiros - Rolamentos,"17.000,00 ","14.096,92 ",83%,13%,"25.500,00 ","0,00 ",0%,0%,"25.500,00 ","12.000,00 ",47%,11%,"25.500,00 ","0,00 ",0%,0%,"25.500,00 ","16.249,36 ",64%,15%,"25.500,00 ","12.997,93 ",51%,12%,"25.500,00 ","0,00 ",0%,0%,"25.500,00 ","0,00 ",0%,0%,"25.500,00 ","0,00 ",0%,0%,"25.500,00 ","0,00 ",0%,0%,"17.000,00 ","0,00 ",0%,0%,"17.000,00 ","0,00 ",0%,0%,"280.500,00 ","55.344,21 ",20%,53%,,"144.500,00 ","55.344,21 ",38%,9%,,"68.000,00 ","26.096,92 ",38%,12%,,"76.500,00 ","29.247,29 ",38%,7%
,Outros custos de serviços prestados,,"0,00 ",0%,0%,,"5,00 ",0%,0%,,"306,42 ",0%,0%,,"82,10 ",0%,0%,,"0,00 ",0%,0%,,"0,00 ",0%,0%,,"0,00 ",0%,0%,,"0,00 ",0%,0%,,"0,00 ",0%,0%,,"0,00 ",0%,0%,,"0,00 ",0%,0%,,"0,00 ",0%,0%,"0,00 ","393,52 ",0%,0%,,"0,00 ","393,52 ",0%,0%,,"0,00 ","311,42 ",0%,0%,,"0,00 ","82,10 ",0%,0%
,,,"0,00 ",0%,0%,,"0,00 ",0%,0%,,"0,00 ",0%,0%,,"0,00 ",0%,0%,,"0,00 ",0%,0%,,"0,00 ",0%,0%,,"0,00 ",0%,0%,,"0,00 ",0%,0%,,"0,00 ",0%,0%,,"0,00 ",0%,0%,,"0,00 ",0%,0%,,"0,00 ",0%,0%,"0,00 ","0,00 ",0%,0%,,"0,00 ","0,00 ",0%,0%,,"0,00 ","0,00 ",0%,0%,,"0,00 ","0,00 ",0%,0%
, Custos com Mão de Obra ,"26.344,08 ","36.078,09 ",137%,34%,"32.326,00 ","29.118,97 ",90%,28%,"32.326,00 ","19.849,64 ",61%,19%,"32.326,00 ","25.235,32 ",78%,24%,"32.326,00 ","29.747,98 ",92%,28%,"32.326,00 ","29.092,64 ",90%,28%,"32.326,00 ","22.980,71 ",71%,22%,"32.326,00 ","8.076,62 ",25%,8%,"32.326,00 ","0,00 ",0%,0%,"32.326,00 ","0,00 ",0%,0%,"44.526,00 ","0,00 ",0%,0%,"44.526,00 ","0,00 ",0%,0%,"406.330,08 ","200.179,97 ",49%,191%,,"187.974,08 ","169.122,64 ",90%,26%,,"90.996,08 ","85.046,70 ",93%,38%,,"96.978,00 ","84.075,94 ",87%,20%
,Salário,"8.100,08 ","7.873,95 ",97%,7%,"12.882,00 ","8.100,08 ",63%,8%,"12.882,00 ","8.100,08 ",63%,8%,"12.882,00 ","8.100,08 ",63%,8%,"12.882,00 ","8.112,81 ",63%,8%,"12.882,00 ","8.112,81 ",63%,8%,"12.882,00 ","8.112,81 ",63%,8%,"12.882,00 ","8.076,62 ",63%,8%,"12.882,00 ","0,00 ",0%,0%,"12.882,00 ","0,00 ",0%,0%,"12.882,00 ","0,00 ",0%,0%,"12.882,00 ","0,00 ",0%,0%,"149.802,08 ","64.589,24 ",43%,62%,,"72.510,08 ","48.399,81 ",67%,7%,,"33.864,08 ","24.074,11 ",71%,11%,,"38.646,00 ","24.325,70 ",63%,6%
,Pró-Labore,"10.800,00 ","9.600,00 ",89%,9%,"12.000,00 ","9.600,00 ",80%,9%,"12.000,00 ","9.600,00 ",80%,9%,"12.000,00 ","10.800,00 ",90%,10%,"12.000,00 ","12.000,00 ",100%,11%,"12.000,00 ","12.000,00 ",100%,11%,"12.000,00 ","12.000,00 ",100%,11%,"12.000,00 ","0,00 ",0%,0%,"12.000,00 ","0,00 ",0%,0%,"12.000,00 ","0,00 ",0%,0%,"12.000,00 ","0,00 ",0%,0%,"12.000,00 ","0,00 ",0%,0%,"142.800,00 ","75.600,00 ",53%,72%,,"70.800,00 ","63.600,00 ",90%,10%,,"34.800,00 ","28.800,00 ",83%,13%,,"36.000,00 ","34.800,00 ",97%,8%
,Décimo terceiro,,"0,00 ",0%,0%,,"0,00 ",0%,0%,,"0,00 ",0%,0%,,"0,00 ",0%,0%,,"0,00 ",0%,0%,,"0,00 ",0%,0%,,"0,00 ",0%,0%,,"0,00 ",0%,0%,,"0,00 ",0%,0%,,"0,00 ",0%,0%,"12.200,00 ","0,00 ",0%,0%,"12.200,00 ","0,00 ",0%,0%,"24.400,00 ","0,00 ",0%,0%,,"0,00 ","0,00 ",0%,0%,,"0,00 ","0,00 ",0%,0%,,"0,00 ","0,00 ",0%,0%
,Férias,"660,00 ","1.532,84 ",232%,1%,"660,00 ","0,00 ",0%,0%,"660,00 ","0,00 ",0%,0%,"660,00 ","1.666,68 ",253%,2%,"660,00 ","0,00 ",0%,0%,"660,00 ","0,00 ",0%,0%,"660,00 ","1.151,82 ",175%,1%,"660,00 ","0,00 ",0%,0%,"660,00 ","0,00 ",0%,0%,"660,00 ","0,00 ",0%,0%,"660,00 ","0,00 ",0%,0%,"660,00 ","0,00 ",0%,0%,"7.920,00 ","4.351,34 ",55%,4%,,"3.960,00 ","3.199,52 ",81%,0%,,"1.980,00 ","1.532,84 ",77%,1%,,"1.980,00 ","1.666,68 ",84%,0%
,Rescisão,,"8.545,67 ",0%,8%,,"0,00 ",0%,0%,,"0,00 ",0%,0%,,"0,00 ",0%,0%,,"0,00 ",0%,0%,,"0,00 ",0%,0%,,"0,00 ",0%,0%,,"0,00 ",0%,0%,,"0,00 ",0%,0%,,"0,00 ",0%,0%,,"0,00 ",0%,0%,,"0,00 ",0%,0%,"0,00 ","8.545,67 ",0%,8%,,"0,00 ","8.545,67 ",0%,1%,,"0,00 ","8.545,67 ",0%,4%,,"0,00 ","0,00 ",0%,0%
,INSS ,"6.784,00 ","0,00 ",0%,0%,"6.784,00 ","7.338,60 ",108%,7%,"6.784,00 ","0,00 ",0%,0%,"6.784,00 ","0,00 ",0%,0%,"6.784,00 ","0,00 ",0%,0%,"6.784,00 ","0,00 ",0%,0%,"6.784,00 ","0,00 ",0%,0%,"6.784,00 ","0,00 ",0%,0%,"6.784,00 ","0,00 ",0%,0%,"6.784,00 ","0,00 ",0%,0%,"6.784,00 ","0,00 ",0%,0%,"6.784,00 ","0,00 ",0%,0%,"81.408,00 ","7.338,60 ",9%,7%,,"40.704,00 ","7.338,60 ",18%,1%,,"20.352,00 ","7.338,60 ",36%,3%,,"20.352,00 ","0,00 ",0%,0%
,FGTS,"1.800,00 ","3.943,38 ",219%,4%,"2.300,00 ","0,00 ",0%,0%,"2.300,00 ","0,00 ",0%,0%,"2.300,00 ","0,00 ",0%,0%,"2.300,00 ","5.560,02 ",242%,5%,"2.300,00 ","5.304,46 ",231%,5%,"2.300,00 ","0,00 ",0%,0%,"2.300,00 ","0,00 ",0%,0%,"2.300,00 ","0,00 ",0%,0%,"2.300,00 ","0,00 ",0%,0%,"2.300,00 ","0,00 ",0%,0%,"2.300,00 ","0,00 ",0%,0%,"27.100,00 ","14.807,86 ",55%,14%,,"13.300,00 ","14.807,86 ",111%,2%,,"6.400,00 ","3.943,38 ",62%,2%,,"6.900,00 ","10.864,48 ",157%,3%
,IRPF,,"0,00 ",0%,0%,,"0,00 ",0%,0%,,"0,00 ",0%,0%,,"0,00 ",0%,0%,,"0,00 ",0%,0%,,"0,00 ",0%,0%,,"0,00 ",0%,0%,,"0,00 ",0%,0%,,"0,00 ",0%,0%,,"0,00 ",0%,0%,,"0,00 ",0%,0%,,"0,00 ",0%,0%,"0,00 ","0,00 ",0%,0%,,"0,00 ","0,00 ",0%,0%,,"0,00 ","0,00 ",0%,0%,,"0,00 ","0,00 ",0%,0%
,Alimentação Escritório,,"1.380,00 ",0%,1%,,"1.008,00 ",0%,1%,,"1.526,00 ",0%,1%,,"1.393,00 ",0%,1%,,"987,00 ",0%,1%,,"1.172,00 ",0%,1%,,"1.508,00 ",0%,1%,,"0,00 ",0%,0%,,"0,00 ",0%,0%,,"0,00 ",0%,0%,,"0,00 ",0%,0%,,"0,00 ",0%,0%,"0,00 ","8.974,00 ",0%,9%,,"0,00 ","7.466,00 ",0%,1%,,"0,00 ","3.914,00 ",0%,2%,,"0,00 ","3.552,00 ",0%,1%
,Vale transporte,"1.260,00 ","0,00 ",0%,0%,"1.260,00 ","0,00 ",0%,0%,"1.260,00 ","0,00 ",0%,0%,"1.260,00 ","0,00 ",0%,0%,"1.260,00 ","0,00 ",0%,0%,"1.260,00 ","0,00 ",0%,0%,"1.260,00 ","0,00 ",0%,0%,"1.260,00 ","0,00 ",0%,0%,"1.260,00 ","0,00 ",0%,0%,"1.260,00 ","0,00 ",0%,0%,"1.260,00 ","0,00 ",0%,0%,"1.260,00 ","0,00 ",0%,0%,"15.120,00 ","0,00 ",0%,0%,,"7.560,00 ","0,00 ",0%,0%,,"3.780,00 ","0,00 ",0%,0%,,"3.780,00 ","0,00 ",0%,0%
,Treinamento e Desenvolvimento,"1.800,00 ","3.202,25 ",178%,3%,"1.800,00 ","3.072,29 ",171%,3%,"1.800,00 ","623,56 ",35%,1%,"1.800,00 ","3.275,56 ",182%,3%,"1.800,00 ","3.088,15 ",172%,3%,"1.800,00 ","2.503,37 ",139%,2%,"1.800,00 ","208,08 ",12%,0%,"1.800,00 ","0,00 ",0%,0%,"1.800,00 ","0,00 ",0%,0%,"1.800,00 ","0,00 ",0%,0%,"1.800,00 ","0,00 ",0%,0%,"1.800,00 ","0,00 ",0%,0%,"21.600,00 ","15.973,26 ",74%,15%,,"10.800,00 ","15.765,18 ",146%,2%,,"5.400,00 ","6.898,10 ",128%,3%,,"5.400,00 ","8.867,08 ",164%,2%
,Outras Custos com Mão de Obra Direta,,"0,00 ",0%,0%,,"0,00 ",0%,0%,,"0,00 ",0%,0%,,"0,00 ",0%,0%,,"0,00 ",0%,0%,,"0,00 ",0%,0%,,"0,00 ",0%,0%,,"0,00 ",0%,0%,,"0,00 ",0%,0%,,"0,00 ",0%,0%,,"0,00 ",0%,0%,,"0,00 ",0%,0%,"0,00 ","0,00 ",0%,0%,,"0,00 ","0,00 ",0%,0%,,"0,00 ","0,00 ",0%,0%,,"0,00 ","0,00 ",0%,0%
,,,"0,00 ",0%,0%,,"0,00 ",0%,0%,,"0,00 ",0%,0%,,"0,00 ",0%,0%,,"0,00 ",0%,0%,,"0,00 ",0%,0%,,"0,00 ",0%,0%,,"0,00 ",0%,0%,,"0,00 ",0%,0%,,"0,00 ",0%,0%,,"0,00 ",0%,0%,,"0,00 ",0%,0%,"0,00 ","0,00 ",0%,0%,,"0,00 ","0,00 ",0%,0%,,"0,00 ","0,00 ",0%,0%,,"0,00 ","0,00 ",0%,0%
, Lucro Bruto,"-15.470,57 ","1.190,64 ",-8%,1%,"44.526,52 ","9.766,50 ",22%,9%,"121.244,50 ","-2.109,84 ",-2%,-2%,"116.896,51 ","25.686,58 ",22%,24%,"199.137,45 ","133.767,46 ",67%,127%,"197.260,14 ","6.815,64 ",3%,6%,"170.593,47 ","68.650,78 ",40%,65%,"234.036,50 ","-8.186,62 ",-3%,-8%,"131.637,28 ","0,00 ",0%,0%,"169.920,30 ","0,00 ",0%,0%,"194.447,65 ","0,00 ",0%,0%,"128.357,73 ","0,00 ",0%,0%,"1.692.587,48 ","235.581,14 ",14%,224%,,"663.594,55 ","175.116,98 ",26%,27%,,"150.300,45 ","8.847,30 ",6%,4%,,"513.294,10 ","166.269,68 ",32%,39%
, Despesas Operacionais,"46.865,84 ","42.997,42 ",92%,41%,"47.345,84 ","36.679,77 ",77%,35%,"53.395,84 ","44.418,77 ",83%,42%,"49.934,84 ","43.116,23 ",86%,41%,"54.445,84 ","57.718,12 ",106%,55%,"49.445,84 ","50.827,70 ",103%,48%,"70.095,84 ","35.763,61 ",51%,34%,"49.445,84 ","15.900,87 ",32%,15%,"54.445,84 ","0,00 ",0%,0%,"50.095,84 ","0,00 ",0%,0%,"49.445,84 ","0,00 ",0%,0%,"52.285,84 ","0,00 ",0%,0%,"627.249,08 ","327.422,49 ",52%,312%,"43,08%","301.434,04 ","275.758,01 ",91%,42%,,"147.607,52 ","124.095,96 ",84%,55%,,"153.826,52 ","151.662,05 ",99%,36%
, Despesas Administrativas,"5.300,84 ","5.918,10 ",112%,6%,"5.300,84 ","6.615,90 ",125%,6%,"5.300,84 ","6.032,35 ",114%,6%,"5.689,84 ","6.124,33 ",108%,6%,"5.300,84 ","6.717,39 ",127%,6%,"5.300,84 ","7.868,00 ",148%,7%,"5.300,84 ","5.560,27 ",105%,5%,"5.300,84 ","0,00 ",0%,0%,"5.300,84 ","0,00 ",0%,0%,"5.300,84 ","0,00 ",0%,0%,"5.300,84 ","0,00 ",0%,0%,"5.300,84 ","0,00 ",0%,0%,"63.999,08 ","44.836,34 ",70%,43%,,"32.194,04 ","39.276,07 ",122%,6%,,"15.902,52 ","18.566,35 ",117%,8%,,"16.291,52 ","20.709,72 ",127%,5%
,Telefone e Internet ,"449,00 ","415,64 ",93%,0%,"449,00 ","415,64 ",93%,0%,"449,00 ","457,14 ",102%,0%,"588,00 ","455,63 ",77%,0%,"449,00 ","455,63 ",101%,0%,"449,00 ","458,57 ",102%,0%,"449,00 ","455,63 ",101%,0%,"449,00 ","0,00 ",0%,0%,"449,00 ","0,00 ",0%,0%,"449,00 ","0,00 ",0%,0%,"449,00 ","0,00 ",0%,0%,"449,00 ","0,00 ",0%,0%,"5.527,00 ","3.113,88 ",56%,3%,,"2.833,00 ","2.658,25 ",94%,0%,,"1.347,00 ","1.288,42 ",96%,1%,,"1.486,00 ","1.369,83 ",92%,0%
,Celular-ADM,,"0,00 ",0%,0%,,"0,00 ",0%,0%,,"0,00 ",0%,0%,,"0,00 ",0%,0%,,"0,00 ",0%,0%,,"0,00 ",0%,0%,,"0,00 ",0%,0%,,"0,00 ",0%,0%,,"0,00 ",0%,0%,,"0,00 ",0%,0%,,"0,00 ",0%,0%,,"0,00 ",0%,0%,"0,00 ","0,00 ",0%,0%,,"0,00 ","0,00 ",0%,0%,,"0,00 ","0,00 ",0%,0%,,"0,00 ","0,00 ",0%,0%
,Energia Elétrica,"120,00 ","87,64 ",73%,0%,"120,00 ","0,00 ",0%,0%,"120,00 ","124,62 ",104%,0%,"120,00 ","0,00 ",0%,0%,"120,00 ","0,00 ",0%,0%,"120,00 ","0,00 ",0%,0%,"120,00 ","0,00 ",0%,0%,"120,00 ","0,00 ",0%,0%,"120,00 ","0,00 ",0%,0%,"120,00 ","0,00 ",0%,0%,"120,00 ","0,00 ",0%,0%,"120,00 ","0,00 ",0%,0%,"1.440,00 ","212,26 ",15%,0%,,"720,00 ","212,26 ",29%,0%,,"360,00 ","212,26 ",59%,0%,,"360,00 ","0,00 ",0%,0%
,Aluguel e Condomínio,"1.981,84 ","1.877,74 ",95%,2%,"1.981,84 ","1.877,74 ",95%,2%,"1.981,84 ","1.877,74 ",95%,2%,"1.981,84 ","1.877,74 ",95%,2%,"1.981,84 ","1.877,74 ",95%,2%,"1.981,84 ","1.877,74 ",95%,2%,"1.981,84 ","0,00 ",0%,0%,"1.981,84 ","0,00 ",0%,0%,"1.981,84 ","0,00 ",0%,0%,"1.981,84 ","0,00 ",0%,0%,"1.981,84 ","0,00 ",0%,0%,"1.981,84 ","0,00 ",0%,0%,"23.782,08 ","11.266,44 ",47%,11%,,"11.891,04 ","11.266,44 ",95%,2%,,"5.945,52 ","5.633,22 ",95%,2%,,"5.945,52 ","5.633,22 ",95%,1%
,Água,"80,00 ","77,94 ",97%,0%,"80,00 ","72,62 ",91%,0%,"80,00 ","0,00 ",0%,0%,"80,00 ","0,00 ",0%,0%,"80,00 ","240,03 ",300%,0%,"80,00 ","0,00 ",0%,0%,"80,00 ","136,00 ",170%,0%,"80,00 ","0,00 ",0%,0%,"80,00 ","0,00 ",0%,0%,"80,00 ","0,00 ",0%,0%,"80,00 ","0,00 ",0%,0%,"80,00 ","0,00 ",0%,0%,"960,00 ","526,59 ",55%,1%,,"480,00 ","390,59 ",81%,0%,,"240,00 ","150,56 ",63%,0%,,"240,00 ","240,03 ",100%,0%
,IPTU e Taxas Públicas,,"0,00 ",0%,0%,,"256,74 ",0%,0%,,"0,00 ",0%,0%,,"0,00 ",0%,0%,,"0,00 ",0%,0%,,"0,00 ",0%,0%,,"0,00 ",0%,0%,,"0,00 ",0%,0%,,"0,00 ",0%,0%,,"0,00 ",0%,0%,,"0,00 ",0%,0%,,"0,00 ",0%,0%,"0,00 ","256,74 ",0%,0%,,"0,00 ","256,74 ",0%,0%,,"0,00 ","256,74 ",0%,0%,,"0,00 ","0,00 ",0%,0%
,Despesas de Viagens-ADM,,"0,00 ",0%,0%,,"10,90 ",0%,0%,,"0,00 ",0%,0%,,"0,00 ",0%,0%,,"0,00 ",0%,0%,,"0,00 ",0%,0%,,"0,00 ",0%,0%,,"0,00 ",0%,0%,,"0,00 ",0%,0%,,"0,00 ",0%,0%,,"0,00 ",0%,0%,,"0,00 ",0%,0%,"0,00 ","10,90 ",0%,0%,,"0,00 ","10,90 ",0%,0%,,"0,00 ","10,90 ",0%,0%,,"0,00 ","0,00 ",0%,0%
,Contabilidade,"360,00 ","319,59 ",89%,0%,"360,00 ","0,00 ",0%,0%,"360,00 ","319,59 ",89%,0%,"360,00 ","319,59 ",89%,0%,"360,00 ","498,59 ",138%,0%,"360,00 ","319,59 ",89%,0%,"360,00 ","319,59 ",89%,0%,"360,00 ","0,00 ",0%,0%,"360,00 ","0,00 ",0%,0%,"360,00 ","0,00 ",0%,0%,"360,00 ","0,00 ",0%,0%,"360,00 ","0,00 ",0%,0%,"4.320,00 ","2.096,54 ",49%,2%,,"2.160,00 ","1.776,95 ",82%,0%,,"1.080,00 ","639,18 ",59%,0%,,"1.080,00 ","1.137,77 ",105%,0%
,Licenças de softwares,,"0,00 ",0%,0%,,"0,00 ",0%,0%,,"0,00 ",0%,0%,,"0,00 ",0%,0%,,"0,00 ",0%,0%,,"1.401,96 ",0%,1%,,"940,17 ",0%,1%,,"0,00 ",0%,0%,,"0,00 ",0%,0%,,"0,00 ",0%,0%,,"0,00 ",0%,0%,,"0,00 ",0%,0%,"0,00 ","2.342,13 ",0%,2%,,"0,00 ","1.401,96 ",0%,0%,,"0,00 ","0,00 ",0%,0%,,"0,00 ","1.401,96 ",0%,0%
,Consultoria Financeira,"1.200,00 ","1.200,00 ",100%,1%,"1.200,00 ","1.200,00 ",100%,1%,"1.200,00 ","1.200,00 ",100%,1%,"1.200,00 ","1.200,00 ",100%,1%,"1.200,00 ","1.200,00 ",100%,1%,"1.200,00 ","1.200,00 ",100%,1%,"1.200,00 ","1.200,00 ",100%,1%,"1.200,00 ","0,00 ",0%,0%,"1.200,00 ","0,00 ",0%,0%,"1.200,00 ","0,00 ",0%,0%,"1.200,00 ","0,00 ",0%,0%,"1.200,00 ","0,00 ",0%,0%,"14.400,00 ","8.400,00 ",58%,8%,,"7.200,00 ","7.200,00 ",100%,1%,,"3.600,00 ","3.600,00 ",100%,2%,,"3.600,00 ","3.600,00 ",100%,1%
,Serviços de terceiros-ADM,,"0,00 ",0%,0%,,"750,00 ",0%,1%,,"0,00 ",0%,0%,,"0,00 ",0%,0%,,"0,00 ",0%,0%,,"0,00 ",0%,0%,,"0,00 ",0%,0%,,"0,00 ",0%,0%,,"0,00 ",0%,0%,,"0,00 ",0%,0%,,"0,00 ",0%,0%,,"0,00 ",0%,0%,"0,00 ","750,00 ",0%,1%,,"0,00 ","750,00 ",0%,0%,,"0,00 ","750,00 ",0%,0%,,"0,00 ","0,00 ",0%,0%
,Manutenção escritório,"80,00 ","0,00 ",0%,0%,"80,00 ","130,00 ",163%,0%,"80,00 ","130,21 ",163%,0%,"80,00 ","0,00 ",0%,0%,"80,00 ","100,00 ",125%,0%,"80,00 ","0,00 ",0%,0%,"80,00 ","0,00 ",0%,0%,"80,00 ","0,00 ",0%,0%,"80,00 ","0,00 ",0%,0%,"80,00 ","0,00 ",0%,0%,"80,00 ","0,00 ",0%,0%,"80,00 ","0,00 ",0%,0%,"960,00 ","360,21 ",38%,0%,,"480,00 ","360,21 ",75%,0%,,"240,00 ","260,21 ",108%,0%,,"240,00 ","100,00 ",42%,0%
,Manutenção Máquinas e Equipamentos-ADM,,"100,00 ",0%,0%,,"138,94 ",0%,0%,,"0,00 ",0%,0%,,"130,00 ",0%,0%,,"270,00 ",0%,0%,,"186,15 ",0%,0%,,"0,00 ",0%,0%,,"0,00 ",0%,0%,,"0,00 ",0%,0%,,"0,00 ",0%,0%,,"0,00 ",0%,0%,,"0,00 ",0%,0%,"0,00 ","825,09 ",0%,1%,,"0,00 ","825,09 ",0%,0%,,"0,00 ","238,94 ",0%,0%,,"0,00 ","586,15 ",0%,0%
,Materiais de Expediente/Escritório,"180,00 ","586,68 ",326%,1%,"180,00 ","119,21 ",66%,0%,"180,00 ","30,70 ",17%,0%,"180,00 ","491,20 ",273%,0%,"180,00 ","426,38 ",237%,0%,"180,00 ","774,17 ",430%,1%,"180,00 ","445,49 ",247%,0%,"180,00 ","0,00 ",0%,0%,"180,00 ","0,00 ",0%,0%,"180,00 ","0,00 ",0%,0%,"180,00 ","0,00 ",0%,0%,"180,00 ","0,00 ",0%,0%,"2.160,00 ","2.873,83 ",133%,3%,,"1.080,00 ","2.428,34 ",225%,0%,,"540,00 ","736,59 ",136%,0%,,"540,00 ","1.691,75 ",313%,0%
,Faxina do escritório,"600,00 ","650,00 ",108%,1%,"600,00 ","500,00 ",83%,0%,"600,00 ","500,00 ",83%,0%,"600,00 ","500,00 ",83%,0%,"600,00 ","500,00 ",83%,0%,"600,00 ","500,00 ",83%,0%,"600,00 ","512,00 ",85%,0%,"600,00 ","0,00 ",0%,0%,"600,00 ","0,00 ",0%,0%,"600,00 ","0,00 ",0%,0%,"600,00 ","0,00 ",0%,0%,"600,00 ","0,00 ",0%,0%,"7.200,00 ","3.662,00 ",51%,3%,,"3.600,00 ","3.150,00 ",88%,0%,,"1.800,00 ","1.650,00 ",92%,1%,,"1.800,00 ","1.500,00 ",83%,0%
,Seguros,"250,00 ","342,60 ",137%,0%,"250,00 ","342,51 ",137%,0%,"250,00 ","342,60 ",137%,0%,"500,00 ","342,60 ",69%,0%,"250,00 ","342,60 ",137%,0%,"250,00 ","342,60 ",137%,0%,"250,00 ","342,60 ",137%,0%,"250,00 ","0,00 ",0%,0%,"250,00 ","0,00 ",0%,0%,"250,00 ","0,00 ",0%,0%,"250,00 ","0,00 ",0%,0%,"250,00 ","0,00 ",0%,0%,"3.250,00 ","2.398,11 ",74%,2%,,"1.750,00 ","2.055,51 ",117%,0%,,"750,00 ","1.027,71 ",137%,0%,,"1.000,00 ","1.027,80 ",103%,0%
,Gasolina / Combustível-ADM,,"0,00 ",0%,0%,,"0,00 ",0%,0%,,"243,15 ",0%,0%,,"0,00 ",0%,0%,,"0,00 ",0%,0%,,"0,00 ",0%,0%,,"0,00 ",0%,0%,,"0,00 ",0%,0%,,"0,00 ",0%,0%,,"0,00 ",0%,0%,,"0,00 ",0%,0%,,"0,00 ",0%,0%,"0,00 ","243,15 ",0%,0%,,"0,00 ","243,15 ",0%,0%,,"0,00 ","243,15 ",0%,0%,,"0,00 ","0,00 ",0%,0%
,Estacionamento / Pedágios-ADM,,"0,00 ",0%,0%,,"0,00 ",0%,0%,,"0,00 ",0%,0%,,"0,00 ",0%,0%,,"0,00 ",0%,0%,,"0,00 ",0%,0%,,"0,00 ",0%,0%,,"0,00 ",0%,0%,,"0,00 ",0%,0%,,"0,00 ",0%,0%,,"0,00 ",0%,0%,,"0,00 ",0%,0%,"0,00 ","0,00 ",0%,0%,,"0,00 ","0,00 ",0%,0%,,"0,00 ","0,00 ",0%,0%,,"0,00 ","0,00 ",0%,0%
,Reembolso,,"0,00 ",0%,0%,,"0,00 ",0%,0%,,"0,00 ",0%,0%,,"0,00 ",0%,0%,,"0,00 ",0%,0%,,"0,00 ",0%,0%,,"400,00 ",0%,0%,,"0,00 ",0%,0%,,"0,00 ",0%,0%,,"0,00 ",0%,0%,,"0,00 ",0%,0%,,"0,00 ",0%,0%,"0,00 ","400,00 ",0%,0%,,"0,00 ","0,00 ",0%,0%,,"0,00 ","0,00 ",0%,0%,,"0,00 ","0,00 ",0%,0%
,Sistemas ADM,,"260,27 ",0%,0%,,"801,60 ",0%,1%,,"806,60 ",0%,1%,,"807,57 ",0%,1%,,"806,42 ",0%,1%,,"807,22 ",0%,1%,,"808,79 ",0%,1%,,"0,00 ",0%,0%,,"0,00 ",0%,0%,,"0,00 ",0%,0%,,"0,00 ",0%,0%,,"0,00 ",0%,0%,"0,00 ","5.098,47 ",0%,5%,,"0,00 ","4.289,68 ",0%,1%,,"0,00 ","1.868,47 ",0%,1%,,"0,00 ","2.421,21 ",0%,1%
,,,"0,00 ",0%,0%,,"0,00 ",0%,0%,,"0,00 ",0%,0%,,"0,00 ",0%,0%,,"0,00 ",0%,0%,,"0,00 ",0%,0%,,"0,00 ",0%,0%,,"0,00 ",0%,0%,,"0,00 ",0%,0%,,"0,00 ",0%,0%,,"0,00 ",0%,0%,,"0,00 ",0%,0%,"0,00 ","0,00 ",0%,0%,,"0,00 ","0,00 ",0%,0%,,"0,00 ","0,00 ",0%,0%,,"0,00 ","0,00 ",0%,0%
,,,"0,00 ",0%,0%,,"0,00 ",0%,0%,,"0,00 ",0%,0%,,"0,00 ",0%,0%,,"0,00 ",0%,0%,,"0,00 ",0%,0%,,"0,00 ",0%,0%,,"0,00 ",0%,0%,,"0,00 ",0%,0%,,"0,00 ",0%,0%,,"0,00 ",0%,0%,,"0,00 ",0%,0%,"0,00 ","0,00 ",0%,0%,,"0,00 ","0,00 ",0%,0%,,"0,00 ","0,00 ",0%,0%,,"0,00 ","0,00 ",0%,0%
,,,"0,00 ",0%,0%,,"0,00 ",0%,0%,,"0,00 ",0%,0%,,"0,00 ",0%,0%,,"0,00 ",0%,0%,,"0,00 ",0%,0%,,"0,00 ",0%,0%,,"0,00 ",0%,0%,,"0,00 ",0%,0%,,"0,00 ",0%,0%,,"0,00 ",0%,0%,,"0,00 ",0%,0%,"0,00 ","0,00 ",0%,0%,,"0,00 ","0,00 ",0%,0%,,"0,00 ","0,00 ",0%,0%,,"0,00 ","0,00 ",0%,0%
, Despesas com Pessoal,"36.535,00 ","33.523,97 ",92%,32%,"36.515,00 ","26.335,20 ",72%,25%,"37.565,00 ","29.048,02 ",77%,28%,"38.715,00 ","30.805,20 ",80%,29%,"38.615,00 ","40.021,21 ",104%,38%,"38.615,00 ","32.296,58 ",84%,31%,"39.265,00 ","27.098,34 ",69%,26%,"38.615,00 ","15.637,39 ",40%,15%,"38.615,00 ","0,00 ",0%,0%,"39.265,00 ","0,00 ",0%,0%,"38.615,00 ","0,00 ",0%,0%,"39.455,00 ","0,00 ",0%,0%,"460.390,00 ","234.765,91 ",51%,224%,,"226.560,00 ","192.030,18 ",85%,30%,,"110.615,00 ","88.907,19 ",80%,39%,,"115.945,00 ","103.122,99 ",89%,24%
,Salário-ADM,"12.309,00 ","9.032,46 ",73%,9%,"12.309,00 ","6.805,56 ",55%,6%,"12.309,00 ","9.336,07 ",76%,9%,"12.309,00 ","9.236,59 ",75%,9%,"12.309,00 ","9.125,31 ",74%,9%,"12.309,00 ","8.835,03 ",72%,8%,"12.309,00 ","9.841,14 ",80%,9%,"12.309,00 ","8.637,39 ",70%,8%,"12.309,00 ","0,00 ",0%,0%,"12.309,00 ","0,00 ",0%,0%,"12.309,00 ","0,00 ",0%,0%,"12.309,00 ","0,00 ",0%,0%,"147.708,00 ","70.849,55 ",48%,67%,,"73.854,00 ","52.371,02 ",71%,8%,,"36.927,00 ","25.174,09 ",68%,11%,,"36.927,00 ","27.196,93 ",74%,6%
,Pró-Labore-ADM,"16.200,00 ","14.400,00 ",89%,14%,"16.200,00 ","14.400,00 ",89%,14%,"16.200,00 ","14.400,00 ",89%,14%,"18.000,00 ","16.200,00 ",90%,15%,"18.000,00 ","18.000,00 ",100%,17%,"18.000,00 ","18.000,00 ",100%,17%,"18.000,00 ","11.000,00 ",61%,10%,"18.000,00 ","7.000,00 ",39%,7%,"18.000,00 ","0,00 ",0%,0%,"18.000,00 ","0,00 ",0%,0%,"18.000,00 ","0,00 ",0%,0%,"18.000,00 ","0,00 ",0%,0%,"210.600,00 ","113.400,00 ",54%,108%,,"102.600,00 ","95.400,00 ",93%,15%,,"48.600,00 ","43.200,00 ",89%,19%,,"54.000,00 ","52.200,00 ",97%,12%
,Décimo terceiro-ADM,,"0,00 ",0%,0%,,"0,00 ",0%,0%,,"0,00 ",0%,0%,,"0,00 ",0%,0%,,"0,00 ",0%,0%,,"0,00 ",0%,0%,,"0,00 ",0%,0%,,"0,00 ",0%,0%,,"0,00 ",0%,0%,,"0,00 ",0%,0%,,"0,00 ",0%,0%,,"0,00 ",0%,0%,"0,00 ","0,00 ",0%,0%,,"0,00 ","0,00 ",0%,0%,,"0,00 ","0,00 ",0%,0%,,"0,00 ","0,00 ",0%,0%
,Férias-ADM,,"0,00 ",0%,0%,,"0,00 ",0%,0%,,"0,00 ",0%,0%,,"0,00 ",0%,0%,,"0,00 ",0%,0%,,"0,00 ",0%,0%,,"0,00 ",0%,0%,,"0,00 ",0%,0%,,"0,00 ",0%,0%,,"0,00 ",0%,0%,,"0,00 ",0%,0%,,"0,00 ",0%,0%,"0,00 ","0,00 ",0%,0%,,"0,00 ","0,00 ",0%,0%,,"0,00 ","0,00 ",0%,0%,,"0,00 ","0,00 ",0%,0%
,Rescisão-ADM,,"0,00 ",0%,0%,,"0,00 ",0%,0%,,"0,00 ",0%,0%,,"0,00 ",0%,0%,,"0,00 ",0%,0%,,"0,00 ",0%,0%,,"0,00 ",0%,0%,,"0,00 ",0%,0%,,"0,00 ",0%,0%,,"0,00 ",0%,0%,,"0,00 ",0%,0%,,"0,00 ",0%,0%,"0,00 ","0,00 ",0%,0%,,"0,00 ","0,00 ",0%,0%,,"0,00 ","0,00 ",0%,0%,,"0,00 ","0,00 ",0%,0%
,INSS-ADM,,"0,00 ",0%,0%,,"0,00 ",0%,0%,,"0,00 ",0%,0%,,"0,00 ",0%,0%,,"0,00 ",0%,0%,,"0,00 ",0%,0%,,"0,00 ",0%,0%,,"0,00 ",0%,0%,,"0,00 ",0%,0%,,"0,00 ",0%,0%,,"0,00 ",0%,0%,,"0,00 ",0%,0%,"0,00 ","0,00 ",0%,0%,,"0,00 ","0,00 ",0%,0%,,"0,00 ","0,00 ",0%,0%,,"0,00 ","0,00 ",0%,0%
,IRRF-ADM,"1.696,00 ","0,00 ",0%,0%,"1.696,00 ","0,00 ",0%,0%,"1.696,00 ","0,00 ",0%,0%,"1.696,00 ","0,00 ",0%,0%,"1.696,00 ","7.781,65 ",459%,7%,"1.696,00 ","0,00 ",0%,0%,"1.696,00 ","0,00 ",0%,0%,"1.696,00 ","0,00 ",0%,0%,"1.696,00 ","0,00 ",0%,0%,"1.696,00 ","0,00 ",0%,0%,"1.696,00 ","0,00 ",0%,0%,"1.696,00 ","0,00 ",0%,0%,"20.352,00 ","7.781,65 ",38%,7%,,"10.176,00 ","7.781,65 ",76%,1%,,"5.088,00 ","0,00 ",0%,0%,,"5.088,00 ","7.781,65 ",153%,2%
,FGTS-ADM,,"0,00 ",0%,0%,,"0,00 ",0%,0%,,"0,00 ",0%,0%,,"0,00 ",0%,0%,,"0,00 ",0%,0%,,"0,00 ",0%,0%,,"0,00 ",0%,0%,,"0,00 ",0%,0%,,"0,00 ",0%,0%,,"0,00 ",0%,0%,,"0,00 ",0%,0%,,"0,00 ",0%,0%,"0,00 ","0,00 ",0%,0%,,"0,00 ","0,00 ",0%,0%,,"0,00 ","0,00 ",0%,0%,,"0,00 ","0,00 ",0%,0%
,Vale transporte-ADM,,"0,00 ",0%,0%,,"0,00 ",0%,0%,,"0,00 ",0%,0%,,"0,00 ",0%,0%,,"0,00 ",0%,0%,,"0,00 ",0%,0%,,"0,00 ",0%,0%,,"0,00 ",0%,0%,,"0,00 ",0%,0%,,"0,00 ",0%,0%,,"0,00 ",0%,0%,,"0,00 ",0%,0%,"0,00 ","0,00 ",0%,0%,,"0,00 ","0,00 ",0%,0%,,"0,00 ","0,00 ",0%,0%,,"0,00 ","0,00 ",0%,0%
,Vale Alimentação-ADM,"3.200,00 ","6.400,00 ",200%,6%,"3.200,00 ","3.200,00 ",100%,3%,"3.600,00 ","3.200,00 ",89%,3%,"3.600,00 ","3.200,00 ",89%,3%,"4.000,00 ","3.200,00 ",80%,3%,"4.000,00 ","3.200,00 ",80%,3%,"4.000,00 ","3.200,00 ",80%,3%,"4.000,00 ","0,00 ",0%,0%,"4.000,00 ","0,00 ",0%,0%,"4.000,00 ","0,00 ",0%,0%,"4.000,00 ","0,00 ",0%,0%,,"0,00 ",0%,0%,"41.600,00 ","25.600,00 ",62%,24%,,"21.600,00 ","22.400,00 ",104%,3%,,"10.000,00 ","12.800,00 ",128%,6%,,"11.600,00 ","9.600,00 ",83%,2%
,Convênio Medico-ADM,"1.850,00 ","1.423,27 ",77%,1%,"1.850,00 ","1.560,74 ",84%,1%,"1.850,00 ","1.816,95 ",98%,2%,"1.850,00 ","1.750,06 ",95%,2%,"1.850,00 ","1.914,25 ",103%,2%,"1.850,00 ","1.717,67 ",93%,2%,"1.850,00 ","1.901,10 ",103%,2%,"1.850,00 ","0,00 ",0%,0%,"1.850,00 ","0,00 ",0%,0%,"1.850,00 ","0,00 ",0%,0%,"1.850,00 ","0,00 ",0%,0%,"1.850,00 ","0,00 ",0%,0%,"22.200,00 ","12.084,04 ",54%,12%,,"11.100,00 ","10.182,94 ",92%,2%,,"5.550,00 ","4.800,96 ",87%,2%,,"5.550,00 ","5.381,98 ",97%,1%
,Exames ocupacionais-ADM,"120,00 ","48,00 ",40%,0%,"100,00 ","0,00 ",0%,0%,"100,00 ","48,00 ",48%,0%,"100,00 ","0,00 ",0%,0%,"100,00 ","0,00 ",0%,0%,"100,00 ","0,00 ",0%,0%,"100,00 ","0,00 ",0%,0%,"100,00 ","0,00 ",0%,0%,"100,00 ","0,00 ",0%,0%,"100,00 ","0,00 ",0%,0%,"100,00 ","0,00 ",0%,0%,"100,00 ","0,00 ",0%,0%,"1.220,00 ","96,00 ",8%,0%,,"620,00 ","96,00 ",15%,0%,,"320,00 ","96,00 ",30%,0%,,"300,00 ","0,00 ",0%,0%
,Treinamento e Desenvolvimento-ADM,,"0,00 ",0%,0%,,"0,00 ",0%,0%,,"0,00 ",0%,0%,,"0,00 ",0%,0%,,"0,00 ",0%,0%,,"0,00 ",0%,0%,,"0,00 ",0%,0%,,"0,00 ",0%,0%,,"0,00 ",0%,0%,,"0,00 ",0%,0%,,"0,00 ",0%,0%,,"0,00 ",0%,0%,"0,00 ","0,00 ",0%,0%,,"0,00 ","0,00 ",0%,0%,,"0,00 ","0,00 ",0%,0%,,"0,00 ","0,00 ",0%,0%
,Confraternização,"160,00 ","470,24 ",294%,0%,"160,00 ","188,90 ",118%,0%,"160,00 ","247,00 ",154%,0%,"160,00 ","328,55 ",205%,0%,"160,00 ","0,00 ",0%,0%,"160,00 ","453,88 ",284%,0%,"160,00 ","295,10 ",184%,0%,"160,00 ","0,00 ",0%,0%,"160,00 ","0,00 ",0%,0%,"160,00 ","0,00 ",0%,0%,"160,00 ","0,00 ",0%,0%,"5.000,00 ","0,00 ",0%,0%,"6.760,00 ","1.983,67 ",29%,2%,,"960,00 ","1.688,57 ",176%,0%,,"480,00 ","906,14 ",189%,0%,,"480,00 ","782,43 ",163%,0%
,Consultoria de Recursos Humanos,"1.000,00 ","1.750,00 ",175%,2%,"1.000,00 ","0,00 ",0%,0%,"1.000,00 ","0,00 ",0%,0%,"1.000,00 ","0,00 ",0%,0%,"500,00 ","0,00 ",0%,0%,"500,00 ","0,00 ",0%,0%,"500,00 ","0,00 ",0%,0%,"500,00 ","0,00 ",0%,0%,"500,00 ","0,00 ",0%,0%,"500,00 ","0,00 ",0%,0%,"500,00 ","0,00 ",0%,0%,"500,00 ","0,00 ",0%,0%,"8.000,00 ","1.750,00 ",22%,2%,,"5.000,00 ","1.750,00 ",35%,0%,,"3.000,00 ","1.750,00 ",58%,1%,,"2.000,00 ","0,00 ",0%,0%
,Uniformes e EPIs,,"0,00 ",0%,0%,,"180,00 ",0%,0%,"650,00 ","0,00 ",0%,0%,,"90,00 ",0%,0%,,"0,00 ",0%,0%,,"90,00 ",0%,0%,"650,00 ","861,00 ",132%,1%,,"0,00 ",0%,0%,,"0,00 ",0%,0%,"650,00 ","0,00 ",0%,0%,,"0,00 ",0%,0%,,"0,00 ",0%,0%,"1.950,00 ","1.221,00 ",63%,1%,,"650,00 ","360,00 ",55%,0%,,"650,00 ","180,00 ",28%,0%,,"0,00 ","180,00 ",0%,0%
, Despesas Comerciais,"1.500,00 ","834,83 ",56%,1%,"1.500,00 ","774,04 ",52%,1%,"1.500,00 ","1.587,08 ",106%,2%,"1.500,00 ","2.382,56 ",159%,2%,"1.500,00 ","2.422,88 ",162%,2%,"1.500,00 ","727,24 ",48%,1%,"1.500,00 ","1.861,04 ",124%,2%,"1.500,00 ","0,00 ",0%,0%,"1.500,00 ","0,00 ",0%,0%,"1.500,00 ","0,00 ",0%,0%,"1.500,00 ","0,00 ",0%,0%,"1.500,00 ","0,00 ",0%,0%,"18.000,00 ","10.589,67 ",59%,10%,,"9.000,00 ","8.728,63 ",97%,1%,,"4.500,00 ","3.195,95 ",71%,1%,,"4.500,00 ","5.532,68 ",123%,1%
,Telefone e Internet-COM,,"0,00 ",0%,0%,,"0,00 ",0%,0%,,"0,00 ",0%,0%,,"0,00 ",0%,0%,,"0,00 ",0%,0%,,"0,00 ",0%,0%,,"0,00 ",0%,0%,,"0,00 ",0%,0%,,"0,00 ",0%,0%,,"0,00 ",0%,0%,,"0,00 ",0%,0%,,"0,00 ",0%,0%,"0,00 ","0,00 ",0%,0%,,"0,00 ","0,00 ",0%,0%,,"0,00 ","0,00 ",0%,0%,,"0,00 ","0,00 ",0%,0%
,Celular-COM,,"0,00 ",0%,0%,,"0,00 ",0%,0%,,"0,00 ",0%,0%,,"0,00 ",0%,0%,,"0,00 ",0%,0%,,"0,00 ",0%,0%,,"0,00 ",0%,0%,,"0,00 ",0%,0%,,"0,00 ",0%,0%,,"0,00 ",0%,0%,,"0,00 ",0%,0%,,"0,00 ",0%,0%,"0,00 ","0,00 ",0%,0%,,"0,00 ","0,00 ",0%,0%,,"0,00 ","0,00 ",0%,0%,,"0,00 ","0,00 ",0%,0%
,Despesas de Viagens-COM,"1.500,00 ","0,00 ",0%,0%,"1.500,00 ","0,00 ",0%,0%,"1.500,00 ","41,00 ",3%,0%,"1.500,00 ","0,00 ",0%,0%,"1.500,00 ","150,00 ",10%,0%,"1.500,00 ","0,00 ",0%,0%,"1.500,00 ","0,00 ",0%,0%,"1.500,00 ","0,00 ",0%,0%,"1.500,00 ","0,00 ",0%,0%,"1.500,00 ","0,00 ",0%,0%,"1.500,00 ","0,00 ",0%,0%,"1.500,00 ","0,00 ",0%,0%,"18.000,00 ","191,00 ",1%,0%,,"9.000,00 ","191,00 ",2%,0%,,"4.500,00 ","41,00 ",1%,0%,,"4.500,00 ","150,00 ",3%,0%
,Serviços de Terceiros-COM,,"0,00 ",0%,0%,,"0,00 ",0%,0%,,"0,00 ",0%,0%,,"0,00 ",0%,0%,,"0,00 ",0%,0%,,"0,00 ",0%,0%,,"0,00 ",0%,0%,,"0,00 ",0%,0%,,"0,00 ",0%,0%,,"0,00 ",0%,0%,,"0,00 ",0%,0%,,"0,00 ",0%,0%,"0,00 ","0,00 ",0%,0%,,"0,00 ","0,00 ",0%,0%,,"0,00 ","0,00 ",0%,0%,,"0,00 ","0,00 ",0%,0%
,Gasolina / Combustível-COM,,"442,74 ",0%,0%,,"480,05 ",0%,0%,,"1.227,67 ",0%,1%,,"2.266,46 ",0%,2%,,"1.545,44 ",0%,1%,,"695,24 ",0%,1%,,"1.592,04 ",0%,2%,,"0,00 ",0%,0%,,"0,00 ",0%,0%,,"0,00 ",0%,0%,,"0,00 ",0%,0%,,"0,00 ",0%,0%,"0,00 ","8.249,64 ",0%,8%,,"0,00 ","6.657,60 ",0%,1%,,"0,00 ","2.150,46 ",0%,1%,,"0,00 ","4.507,14 ",0%,1%
,Estacionamento / Pedágios-COM,,"0,00 ",0%,0%,,"21,40 ",0%,0%,,"318,41 ",0%,0%,,"116,10 ",0%,0%,,"395,40 ",0%,0%,,"32,00 ",0%,0%,,"226,00 ",0%,0%,,"0,00 ",0%,0%,,"0,00 ",0%,0%,,"0,00 ",0%,0%,,"0,00 ",0%,0%,,"0,00 ",0%,0%,"0,00 ","1.109,31 ",0%,1%,,"0,00 ","883,31 ",0%,0%,,"0,00 ","339,81 ",0%,0%,,"0,00 ","543,50 ",0%,0%
,Eventos com Clientes,,"0,00 ",0%,0%,,"0,00 ",0%,0%,,"0,00 ",0%,0%,,"0,00 ",0%,0%,,"0,00 ",0%,0%,,"0,00 ",0%,0%,,"0,00 ",0%,0%,,"0,00 ",0%,0%,,"0,00 ",0%,0%,,"0,00 ",0%,0%,,"0,00 ",0%,0%,,"0,00 ",0%,0%,"0,00 ","0,00 ",0%,0%,,"0,00 ","0,00 ",0%,0%,,"0,00 ","0,00 ",0%,0%,,"0,00 ","0,00 ",0%,0%
,Brindes,,"245,55 ",0%,0%,,"0,00 ",0%,0%,,"0,00 ",0%,0%,,"0,00 ",0%,0%,,"124,55 ",0%,0%,,"0,00 ",0%,0%,,"43,00 ",0%,0%,,"0,00 ",0%,0%,,"0,00 ",0%,0%,,"0,00 ",0%,0%,,"0,00 ",0%,0%,,"0,00 ",0%,0%,"0,00 ","413,10 ",0%,0%,,"0,00 ","370,10 ",0%,0%,,"0,00 ","245,55 ",0%,0%,,"0,00 ","124,55 ",0%,0%
,Outras despesas Comerciais,,"146,54 ",0%,0%,,"272,59 ",0%,0%,,"0,00 ",0%,0%,,"0,00 ",0%,0%,,"207,49 ",0%,0%,,"0,00 ",0%,0%,,"0,00 ",0%,0%,,"0,00 ",0%,0%,,"0,00 ",0%,0%,,"0,00 ",0%,0%,,"0,00 ",0%,0%,,"0,00 ",0%,0%,"0,00 ","626,62 ",0%,1%,,"0,00 ","626,62 ",0%,0%,,"0,00 ","419,13 ",0%,0%,,"0,00 ","207,49 ",0%,0%
,,,"0,00 ",0%,0%,,"0,00 ",0%,0%,,"0,00 ",0%,0%,,"0,00 ",0%,0%,,"0,00 ",0%,0%,,"0,00 ",0%,0%,,"0,00 ",0%,0%,,"0,00 ",0%,0%,,"0,00 ",0%,0%,,"0,00 ",0%,0%,,"0,00 ",0%,0%,,"0,00 ",0%,0%,"0,00 ","0,00 ",0%,0%,,"0,00 ","0,00 ",0%,0%,,"0,00 ","0,00 ",0%,0%,,"0,00 ","0,00 ",0%,0%
, Despesas Marketing,"3.180,00 ","1.965,32 ",62%,2%,"3.680,00 ","2.643,44 ",72%,3%,"8.680,00 ","7.576,78 ",87%,7%,"3.680,00 ","3.227,32 ",88%,3%,"8.680,00 ","4.775,56 ",55%,5%,"3.680,00 ","7.757,92 ",211%,7%,"23.680,00 ","374,99 ",2%,0%,"3.680,00 ","0,00 ",0%,0%,"8.680,00 ","0,00 ",0%,0%,"3.680,00 ","0,00 ",0%,0%,"3.680,00 ","0,00 ",0%,0%,"5.680,00 ","0,00 ",0%,0%,"80.660,00 ","28.321,33 ",35%,27%,,"31.580,00 ","27.946,34 ",88%,4%,,"15.540,00 ","12.185,54 ",78%,5%,,"16.040,00 ","15.760,80 ",98%,4%
,Telefone e Internet-MKT,,"0,00 ",0%,0%,,"0,00 ",0%,0%,,"0,00 ",0%,0%,,"0,00 ",0%,0%,,"0,00 ",0%,0%,,"0,00 ",0%,0%,,"0,00 ",0%,0%,,"0,00 ",0%,0%,,"0,00 ",0%,0%,,"0,00 ",0%,0%,,"0,00 ",0%,0%,,"0,00 ",0%,0%,"0,00 ","0,00 ",0%,0%,,"0,00 ","0,00 ",0%,0%,,"0,00 ","0,00 ",0%,0%,,"0,00 ","0,00 ",0%,0%
,Celular-MKT,,"0,00 ",0%,0%,,"0,00 ",0%,0%,,"0,00 ",0%,0%,,"0,00 ",0%,0%,,"0,00 ",0%,0%,,"0,00 ",0%,0%,,"0,00 ",0%,0%,,"0,00 ",0%,0%,,"0,00 ",0%,0%,,"0,00 ",0%,0%,,"0,00 ",0%,0%,,"0,00 ",0%,0%,"0,00 ","0,00 ",0%,0%,,"0,00 ","0,00 ",0%,0%,,"0,00 ","0,00 ",0%,0%,,"0,00 ","0,00 ",0%,0%
,Despesas de Viagens,,"0,00 ",0%,0%,,"7,00 ",0%,0%,,"0,00 ",0%,0%,,"0,00 ",0%,0%,,"0,00 ",0%,0%,,"0,00 ",0%,0%,,"0,00 ",0%,0%,,"0,00 ",0%,0%,,"0,00 ",0%,0%,,"0,00 ",0%,0%,,"0,00 ",0%,0%,,"0,00 ",0%,0%,"0,00 ","7,00 ",0%,0%,,"0,00 ","7,00 ",0%,0%,,"0,00 ","7,00 ",0%,0%,,"0,00 ","0,00 ",0%,0%
,Gasolina/Combustível-MKT,,"0,00 ",0%,0%,,"0,00 ",0%,0%,,"0,00 ",0%,0%,,"0,00 ",0%,0%,,"0,00 ",0%,0%,,"0,00 ",0%,0%,,"0,00 ",0%,0%,,"0,00 ",0%,0%,,"0,00 ",0%,0%,,"0,00 ",0%,0%,,"0,00 ",0%,0%,,"0,00 ",0%,0%,"0,00 ","0,00 ",0%,0%,,"0,00 ","0,00 ",0%,0%,,"0,00 ","0,00 ",0%,0%,,"0,00 ","0,00 ",0%,0%
,Estacionamento/Pedágios-MKT,,"0,00 ",0%,0%,,"0,00 ",0%,0%,,"0,00 ",0%,0%,,"0,00 ",0%,0%,,"0,00 ",0%,0%,,"0,00 ",0%,0%,,"0,00 ",0%,0%,,"0,00 ",0%,0%,,"0,00 ",0%,0%,,"0,00 ",0%,0%,,"0,00 ",0%,0%,,"0,00 ",0%,0%,"0,00 ","0,00 ",0%,0%,,"0,00 ","0,00 ",0%,0%,,"0,00 ","0,00 ",0%,0%,,"0,00 ","0,00 ",0%,0%
,Anúncio/Mídias/Propaganda,,"0,00 ",0%,0%,,"0,00 ",0%,0%,,"0,00 ",0%,0%,,"0,00 ",0%,0%,,"0,00 ",0%,0%,,"0,00 ",0%,0%,,"0,00 ",0%,0%,,"0,00 ",0%,0%,,"0,00 ",0%,0%,,"0,00 ",0%,0%,,"0,00 ",0%,0%,,"0,00 ",0%,0%,"0,00 ","0,00 ",0%,0%,,"0,00 ","0,00 ",0%,0%,,"0,00 ","0,00 ",0%,0%,,"0,00 ","0,00 ",0%,0%
,Agências de markentig e Gestão de trafégo ,"500,00 ","107,38 ",21%,0%,"500,00 ","642,38 ",128%,1%,"500,00 ","1.085,85 ",217%,1%,"500,00 ","107,38 ",21%,0%,"500,00 ","0,00 ",0%,0%,"500,00 ","0,00 ",0%,0%,"500,00 ","0,00 ",0%,0%,"500,00 ","0,00 ",0%,0%,"500,00 ","0,00 ",0%,0%,"500,00 ","0,00 ",0%,0%,"500,00 ","0,00 ",0%,0%,"500,00 ","0,00 ",0%,0%,"6.000,00 ","1.942,99 ",32%,2%,,"3.000,00 ","1.942,99 ",65%,0%,,"1.500,00 ","1.835,61 ",122%,1%,,"1.500,00 ","107,38 ",7%,0%
,Realização Eventos,,"0,00 ",0%,0%,,"0,00 ",0%,0%,"5.000,00 ","286,29 ",6%,0%,,"296,46 ",0%,0%,"5.000,00 ","0,00 ",0%,0%,,"0,00 ",0%,0%,"20.000,00 ","0,00 ",0%,0%,,"0,00 ",0%,0%,"5.000,00 ","0,00 ",0%,0%,,"0,00 ",0%,0%,,"0,00 ",0%,0%,"2.000,00 ","0,00 ",0%,0%,"37.000,00 ","582,75 ",2%,1%,,"10.000,00 ","582,75 ",6%,0%,,"5.000,00 ","286,29 ",6%,0%,,"5.000,00 ","296,46 ",6%,0%
,Serviços de terceiros-MKT,,"0,00 ",0%,0%,,"0,00 ",0%,0%,,"0,00 ",0%,0%,,"0,00 ",0%,0%,,"0,00 ",0%,0%,,"0,00 ",0%,0%,,"0,00 ",0%,0%,,"0,00 ",0%,0%,,"0,00 ",0%,0%,,"0,00 ",0%,0%,,"0,00 ",0%,0%,,"0,00 ",0%,0%,"0,00 ","0,00 ",0%,0%,,"0,00 ","0,00 ",0%,0%,,"0,00 ","0,00 ",0%,0%,,"0,00 ","0,00 ",0%,0%
,Ferramentas e aplicativos - Marketing,"1.680,00 ","850,53 ",51%,1%,"1.680,00 ","1.195,12 ",71%,1%,"1.680,00 ","4.119,27 ",245%,4%,"1.680,00 ","1.140,01 ",68%,1%,"1.680,00 ","1.614,10 ",96%,2%,"1.680,00 ","2.613,75 ",156%,2%,"1.680,00 ","0,00 ",0%,0%,"1.680,00 ","0,00 ",0%,0%,"1.680,00 ","0,00 ",0%,0%,"1.680,00 ","0,00 ",0%,0%,"1.680,00 ","0,00 ",0%,0%,"1.680,00 ","0,00 ",0%,0%,"20.160,00 ","11.532,78 ",57%,11%,,"10.080,00 ","11.532,78 ",114%,2%,,"5.040,00 ","6.164,92 ",122%,3%,,"5.040,00 ","5.367,86 ",107%,1%
,Anuncio marketing B2B,"1.000,00 ","1.007,41 ",101%,1%,"1.500,00 ","798,94 ",53%,1%,"1.500,00 ","2.085,37 ",139%,2%,"1.500,00 ","1.683,47 ",112%,2%,"1.500,00 ","2.011,46 ",134%,2%,"1.500,00 ","3.994,17 ",266%,4%,"1.500,00 ","374,99 ",25%,0%,"1.500,00 ","0,00 ",0%,0%,"1.500,00 ","0,00 ",0%,0%,"1.500,00 ","0,00 ",0%,0%,"1.500,00 ","0,00 ",0%,0%,"1.500,00 ","0,00 ",0%,0%,"17.500,00 ","11.955,81 ",68%,11%,,"8.500,00 ","11.580,82 ",136%,2%,,"4.000,00 ","3.891,72 ",97%,2%,,"4.500,00 ","7.689,10 ",171%,2%
,Patrocínios,,"0,00 ",0%,0%,,"0,00 ",0%,0%,,"0,00 ",0%,0%,,"0,00 ",0%,0%,,"1.150,00 ",0%,1%,,"1.150,00 ",0%,1%,,"0,00 ",0%,0%,,"0,00 ",0%,0%,,"0,00 ",0%,0%,,"0,00 ",0%,0%,,"0,00 ",0%,0%,,"0,00 ",0%,0%,"0,00 ","2.300,00 ",0%,2%,,"0,00 ","2.300,00 ",0%,0%,,"0,00 ","0,00 ",0%,0%,,"0,00 ","2.300,00 ",0%,1%
, Despesas Financeiras,"350,00 ","755,20 ",216%,1%,"350,00 ","311,19 ",89%,0%,"350,00 ","174,54 ",50%,0%,"350,00 ","576,82 ",165%,1%,"350,00 ","3.781,08 ",1080%,4%,"350,00 ","2.177,96 ",622%,2%,"350,00 ","868,97 ",248%,1%,"350,00 ","263,48 ",75%,0%,"350,00 ","0,00 ",0%,0%,"350,00 ","0,00 ",0%,0%,"350,00 ","0,00 ",0%,0%,"350,00 ","0,00 ",0%,0%,"4.200,00 ","8.909,24 ",212%,8%,,"2.100,00 ","7.776,79 ",370%,1%,,"1.050,00 ","1.240,93 ",118%,1%,,"1.050,00 ","6.535,86 ",622%,2%
,Tarifas Bancárias,"150,00 ","252,80 ",169%,0%,"150,00 ","212,80 ",142%,0%,"150,00 ","174,54 ",116%,0%,"150,00 ","233,25 ",156%,0%,"150,00 ","2.889,16 ",1926%,3%,"150,00 ","1.656,30 ",1104%,2%,"150,00 ","308,92 ",206%,0%,"150,00 ","0,00 ",0%,0%,"150,00 ","0,00 ",0%,0%,"150,00 ","0,00 ",0%,0%,"150,00 ","0,00 ",0%,0%,"150,00 ","0,00 ",0%,0%,"1.800,00 ","5.727,77 ",318%,5%,,"900,00 ","5.418,85 ",602%,1%,,"450,00 ","640,14 ",142%,0%,,"450,00 ","4.778,71 ",1062%,1%
,Tarifas de Cartão ,,"502,40 ",0%,0%,,"98,39 ",0%,0%,,"0,00 ",0%,0%,,"200,85 ",0%,0%,,"573,97 ",0%,1%,,"174,38 ",0%,0%,,"87,70 ",0%,0%,,"0,00 ",0%,0%,,"0,00 ",0%,0%,,"0,00 ",0%,0%,,"0,00 ",0%,0%,,"0,00 ",0%,0%,"0,00 ","1.637,69 ",0%,2%,,"0,00 ","1.549,99 ",0%,0%,,"0,00 ","600,79 ",0%,0%,,"0,00 ","949,20 ",0%,0%
,IOF,,"0,00 ",0%,0%,,"0,00 ",0%,0%,,"0,00 ",0%,0%,,"142,72 ",0%,0%,,"276,00 ",0%,0%,,"138,99 ",0%,0%,,"472,35 ",0%,0%,,"0,00 ",0%,0%,,"0,00 ",0%,0%,,"0,00 ",0%,0%,,"0,00 ",0%,0%,,"0,00 ",0%,0%,"0,00 ","1.030,06 ",0%,1%,,"0,00 ","557,71 ",0%,0%,,"0,00 ","0,00 ",0%,0%,,"0,00 ","557,71 ",0%,0%
,Juros e Multas Financeiras,"200,00 ","0,00 ",0%,0%,"200,00 ","0,00 ",0%,0%,"200,00 ","0,00 ",0%,0%,"200,00 ","0,00 ",0%,0%,"200,00 ","41,95 ",21%,0%,"200,00 ","208,29 ",104%,0%,"200,00 ","0,00 ",0%,0%,"200,00 ","263,48 ",132%,0%,"200,00 ","0,00 ",0%,0%,"200,00 ","0,00 ",0%,0%,"200,00 ","0,00 ",0%,0%,"200,00 ","0,00 ",0%,0%,"2.400,00 ","513,72 ",21%,0%,,"1.200,00 ","250,24 ",21%,0%,,"600,00 ","0,00 ",0%,0%,,"600,00 ","250,24 ",42%,0%
,Outros despesas financeiras,,"0,00 ",0%,0%,,"0,00 ",0%,0%,,"0,00 ",0%,0%,,"0,00 ",0%,0%,,"0,00 ",0%,0%,,"0,00 ",0%,0%,,"0,00 ",0%,0%,,"0,00 ",0%,0%,,"0,00 ",0%,0%,,"0,00 ",0%,0%,,"0,00 ",0%,0%,,"0,00 ",0%,0%,"0,00 ","0,00 ",0%,0%,,"0,00 ","0,00 ",0%,0%,,"0,00 ","0,00 ",0%,0%,,"0,00 ","0,00 ",0%,0%
,,,"0,00 ",0%,0%,,"0,00 ",0%,0%,,"0,00 ",0%,0%,,"0,00 ",0%,0%,,"0,00 ",0%,0%,,"0,00 ",0%,0%,,"0,00 ",0%,0%,,"0,00 ",0%,0%,,"0,00 ",0%,0%,,"0,00 ",0%,0%,,"0,00 ",0%,0%,,"0,00 ",0%,0%,"0,00 ","0,00 ",0%,0%,,"0,00 ","0,00 ",0%,0%,,"0,00 ","0,00 ",0%,0%,,"0,00 ","0,00 ",0%,0%
,,,"0,00 ",0%,0%,,"0,00 ",0%,0%,,"0,00 ",0%,0%,,"0,00 ",0%,0%,,"0,00 ",0%,0%,,"0,00 ",0%,0%,,"0,00 ",0%,0%,,"0,00 ",0%,0%,,"0,00 ",0%,0%,,"0,00 ",0%,0%,,"0,00 ",0%,0%,,"0,00 ",0%,0%,"0,00 ","0,00 ",0%,0%,,"0,00 ","0,00 ",0%,0%,,"0,00 ","0,00 ",0%,0%,,"0,00 ","0,00 ",0%,0%
, Lucro antes dos investimentos,"-62.336,41 ","-41.806,78 ",67%,-40%,"-2.819,32 ","-26.913,27 ",955%,-26%,"67.848,66 ","-46.528,61 ",-69%,-44%,"66.961,67 ","-17.429,65 ",-26%,-17%,"144.691,61 ","76.049,34 ",53%,72%,"147.814,30 ","-44.012,06 ",-30%,-42%,"100.497,63 ","32.887,17 ",33%,31%,"184.590,66 ","-24.087,49 ",-13%,-23%,"77.191,44 ","0,00 ",0%,0%,"119.824,46 ","0,00 ",0%,0%,"145.001,81 ","0,00 ",0%,0%,"76.071,89 ","0,00 ",0%,0%,"1.065.338,40 ","-91.841,35 ",-9%,-87%,,"362.160,51 ","-100.641,03 ",-28%,-15%,,"2.692,93 ","-115.248,66 ",-4280%,-51%,,"359.467,58 ","14.607,63 ",4%,3%
, Investimentos,"2.500,00 ","2.565,40 ",103%,2%,"2.500,00 ","1.924,23 ",77%,2%,"2.500,00 ","2.205,41 ",88%,2%,"2.000,00 ","2.042,72 ",102%,2%,"1.500,00 ","766,74 ",51%,1%,"1.500,00 ","802,60 ",54%,1%,"1.500,00 ","1.363,17 ",91%,1%,"1.500,00 ","0,00 ",0%,0%,"1.500,00 ","0,00 ",0%,0%,"1.500,00 ","0,00 ",0%,0%,"1.500,00 ","0,00 ",0%,0%,"1.500,00 ","0,00 ",0%,0%,"21.500,00 ","11.670,27 ",54%,11%,,"12.500,00 ","10.307,10 ",82%,2%,,"7.500,00 ","6.695,04 ",89%,3%,,"5.000,00 ","3.612,06 ",72%,1%
, Investimentos em Bens Materiais,"1.500,00 ","2.565,40 ",171%,2%,"1.500,00 ","1.924,23 ",128%,2%,"1.500,00 ","2.205,41 ",147%,2%,"1.500,00 ","2.042,72 ",136%,2%,"1.500,00 ","766,74 ",51%,1%,"1.500,00 ","802,60 ",54%,1%,"1.500,00 ","1.363,17 ",91%,1%,"1.500,00 ","0,00 ",0%,0%,"1.500,00 ","0,00 ",0%,0%,"1.500,00 ","0,00 ",0%,0%,"1.500,00 ","0,00 ",0%,0%,"1.500,00 ","0,00 ",0%,0%,"18.000,00 ","11.670,27 ",65%,11%,,"9.000,00 ","10.307,10 ",115%,2%,,"4.500,00 ","6.695,04 ",149%,3%,,"4.500,00 ","3.612,06 ",80%,1%
,Compra de Máquinas e Equipamentos ,,"0,00 ",0%,0%,,"0,00 ",0%,0%,,"0,00 ",0%,0%,,"0,00 ",0%,0%,,"0,00 ",0%,0%,,"0,00 ",0%,0%,,"0,00 ",0%,0%,,"0,00 ",0%,0%,,"0,00 ",0%,0%,,"0,00 ",0%,0%,,"0,00 ",0%,0%,,"0,00 ",0%,0%,"0,00 ","0,00 ",0%,0%,,"0,00 ","0,00 ",0%,0%,,"0,00 ","0,00 ",0%,0%,,"0,00 ","0,00 ",0%,0%
,Reformas / Estrutura,,"0,00 ",0%,0%,,"0,00 ",0%,0%,,"0,00 ",0%,0%,,"0,00 ",0%,0%,,"130,16 ",0%,0%,,"130,16 ",0%,0%,,"288,86 ",0%,0%,,"0,00 ",0%,0%,,"0,00 ",0%,0%,,"0,00 ",0%,0%,,"0,00 ",0%,0%,,"0,00 ",0%,0%,"0,00 ","549,18 ",0%,1%,,"0,00 ","260,32 ",0%,0%,,"0,00 ","0,00 ",0%,0%,,"0,00 ","260,32 ",0%,0%
,Mobiliário,"1.500,00 ","0,00 ",0%,0%,"1.500,00 ","0,00 ",0%,0%,"1.500,00 ","0,00 ",0%,0%,"1.500,00 ","0,00 ",0%,0%,"1.500,00 ","0,00 ",0%,0%,"1.500,00 ","0,00 ",0%,0%,"1.500,00 ","0,00 ",0%,0%,"1.500,00 ","0,00 ",0%,0%,"1.500,00 ","0,00 ",0%,0%,"1.500,00 ","0,00 ",0%,0%,"1.500,00 ","0,00 ",0%,0%,"1.500,00 ","0,00 ",0%,0%,"18.000,00 ","0,00 ",0%,0%,,"9.000,00 ","0,00 ",0%,0%,,"4.500,00 ","0,00 ",0%,0%,,"4.500,00 ","0,00 ",0%,0%
,Compra de Veículos,,"0,00 ",0%,0%,,"0,00 ",0%,0%,,"0,00 ",0%,0%,,"0,00 ",0%,0%,,"0,00 ",0%,0%,,"0,00 ",0%,0%,,"0,00 ",0%,0%,,"0,00 ",0%,0%,,"0,00 ",0%,0%,,"0,00 ",0%,0%,,"0,00 ",0%,0%,,"0,00 ",0%,0%,"0,00 ","0,00 ",0%,0%,,"0,00 ","0,00 ",0%,0%,,"0,00 ","0,00 ",0%,0%,,"0,00 ","0,00 ",0%,0%
,Outros investimentos em bens materiais,,"2.565,40 ",0%,2%,,"1.924,23 ",0%,2%,,"2.205,41 ",0%,2%,,"2.042,72 ",0%,2%,,"636,58 ",0%,1%,,"672,44 ",0%,1%,,"1.074,31 ",0%,1%,,"0,00 ",0%,0%,,"0,00 ",0%,0%,,"0,00 ",0%,0%,,"0,00 ",0%,0%,,"0,00 ",0%,0%,"0,00 ","11.121,09 ",0%,11%,,"0,00 ","10.046,78 ",0%,2%,,"0,00 ","6.695,04 ",0%,3%,,"0,00 ","3.351,74 ",0%,1%
,,,"0,00 ",0%,0%,,"0,00 ",0%,0%,,"0,00 ",0%,0%,,"0,00 ",0%,0%,,"0,00 ",0%,0%,,"0,00 ",0%,0%,,"0,00 ",0%,0%,,"0,00 ",0%,0%,,"0,00 ",0%,0%,,"0,00 ",0%,0%,,"0,00 ",0%,0%,,"0,00 ",0%,0%,,,0%,0%,,"0,00 ","0,00 ",0%,0%,,"0,00 ","0,00 ",0%,0%,,"0,00 ","0,00 ",0%,0%
, Outros Investimentos,"1.000,00 ","0,00 ",0%,0%,"1.000,00 ","0,00 ",0%,0%,"1.000,00 ","0,00 ",0%,0%,"500,00 ","0,00 ",0%,0%,"0,00 ","0,00 ",0%,0%,"0,00 ","0,00 ",0%,0%,"0,00 ","0,00 ",0%,0%,"0,00 ","0,00 ",0%,0%,"0,00 ","0,00 ",0%,0%,"0,00 ","0,00 ",0%,0%,"0,00 ","0,00 ",0%,0%,"0,00 ","0,00 ",0%,0%,"3.500,00 ","0,00 ",0%,0%,,"3.500,00 ","0,00 ",0%,0%,,"3.000,00 ","0,00 ",0%,0%,,"500,00 ","0,00 ",0%,0%
,Expansão ,"1.000,00 ","0,00 ",0%,0%,"1.000,00 ","0,00 ",0%,0%,"1.000,00 ","0,00 ",0%,0%,"500,00 ","0,00 ",0%,0%,,"0,00 ",0%,0%,,"0,00 ",0%,0%,,"0,00 ",0%,0%,,"0,00 ",0%,0%,,"0,00 ",0%,0%,,"0,00 ",0%,0%,,"0,00 ",0%,0%,,"0,00 ",0%,0%,"3.500,00 ","0,00 ",0%,0%,,"3.500,00 ","0,00 ",0%,0%,,"3.000,00 ","0,00 ",0%,0%,,"500,00 ","0,00 ",0%,0%
,,,"0,00 ",0%,0%,,"0,00 ",0%,0%,,"0,00 ",0%,0%,,"0,00 ",0%,0%,,"0,00 ",0%,0%,,"0,00 ",0%,0%,,"0,00 ",0%,0%,,"0,00 ",0%,0%,,"0,00 ",0%,0%,,"0,00 ",0%,0%,,"0,00 ",0%,0%,,"0,00 ",0%,0%,"0,00 ","0,00 ",0%,0%,,"0,00 ","0,00 ",0%,0%,,"0,00 ","0,00 ",0%,0%,,"0,00 ","0,00 ",0%,0%
,,,"0,00 ",0%,0%,,"0,00 ",0%,0%,,"0,00 ",0%,0%,,"0,00 ",0%,0%,,"0,00 ",0%,0%,,"0,00 ",0%,0%,,"0,00 ",0%,0%,,"0,00 ",0%,0%,,"0,00 ",0%,0%,,"0,00 ",0%,0%,,"0,00 ",0%,0%,,"0,00 ",0%,0%,"0,00 ","0,00 ",0%,0%,,"0,00 ","0,00 ",0%,0%,,"0,00 ","0,00 ",0%,0%,,"0,00 ","0,00 ",0%,0%
,,,"0,00 ",0%,0%,,"0,00 ",0%,0%,,"0,00 ",0%,0%,,"0,00 ",0%,0%,,"0,00 ",0%,0%,,"0,00 ",0%,0%,,"0,00 ",0%,0%,,"0,00 ",0%,0%,,"0,00 ",0%,0%,,"0,00 ",0%,0%,,"0,00 ",0%,0%,,"0,00 ",0%,0%,"0,00 ","0,00 ",0%,0%,,"0,00 ","0,00 ",0%,0%,,"0,00 ","0,00 ",0%,0%,,"0,00 ","0,00 ",0%,0%
, Desembolso Total,"126.830,41 ","149.362,31 ",118%,142%,"151.007,32 ","81.407,33 ",54%,78%,"172.739,34 ","116.749,64 ",68%,111%,"181.376,33 ","103.864,51 ",57%,99%,"198.396,39 ","184.687,40 ",93%,176%,"190.273,70 ","125.681,02 ",66%,120%,"210.090,37 ","77.738,26 ",37%,74%,"190.997,34 ","24.087,49 ",13%,23%,"179.996,56 ","0,00 ",0%,0%,"167.363,54 ","0,00 ",0%,0%,"161.770,19 ","0,00 ",0%,0%,"148.316,11 ","0,00 ",0%,0%,"2.079.157,60 ","863.577,96 ",42%,823%,,"1.020.623,49 ","761.752,21 ",75%,117%,,"450.577,07 ","347.519,28 ",77%,154%,,"570.046,42 ","414.232,93 ",73%,97%
, LUCRO OPERACIONAL,"-64.836,41 ","-44.372,18 ",68%,-42%,"-5.319,32 ","-28.837,50 ",542%,-27%,"65.348,66 ","-48.734,02 ",-75%,-46%,"64.961,67 ","-19.472,37 ",-30%,-19%,"143.191,61 ","75.282,60 ",53%,72%,"146.314,30 ","-44.814,66 ",-31%,-43%,"98.997,63 ","31.524,00 ",32%,30%,"183.090,66 ","-24.087,49 ",-13%,-23%,"75.691,44 ","0,00 ",0%,0%,"118.324,46 ","0,00 ",0%,0%,"143.501,81 ","0,00 ",0%,0%,"74.571,89 ","0,00 ",0%,0%,"1.043.838,40 ","-103.511,62 ",-10%,-99%,,"349.660,51 ","-110.948,13 ",-32%,-17%,,"-4.807,07 ","-121.943,70 ",2537%,-54%,,"354.467,58 ","10.995,57 ",3%,3%
,,,,,0%,,,,0%,,,,0%,,,,0%,,,,0%,,,,0%,,,,0%,,,,0%,,,,0%,,,,0%,,,,0%,,,,0%,,,,0%,,,,,0%,,,,,0%,,,,,0%
, Movimentações Não Operacionais,"-1.870,00 ","109.690,63 ",-5866%,104%,"-1.870,00 ","-12.342,43 ",660%,-12%,"-1.870,00 ","-2.619,00 ",140%,-2%,"-1.870,00 ","-10.157,69 ",543%,-10%,"-1.870,00 ","-30.948,93 ",1655%,-29%,"-1.870,00 ","5.915,17 ",-316%,6%,"-1.870,00 ","-9.928,45 ",531%,-9%,"-1.870,00 ","0,00 ",0%,0%,"-1.870,00 ","0,00 ",0%,0%,"-1.870,00 ","0,00 ",0%,0%,"-1.870,00 ","0,00 ",0%,0%,"-1.870,00 ","0,00 ",0%,0%,"-22.440,00 ","49.609,30 ",-221%,47%,,"-11.220,00 ","59.537,75 ",-531%,9%,,"-5.610,00 ","94.729,20 ",-1689%,42%,,"-5.610,00 ","-35.191,45 ",627%,-8%
, Entradas não Operacionais,"0,00 ","112.000,00 ",0%,107%,"0,00 ","0,00 ",0%,0%,"0,00 ","0,00 ",0%,0%,"0,00 ","0,00 ",0%,0%,"0,00 ","0,00 ",0%,0%,"0,00 ","11.088,66 ",0%,11%,"0,00 ","0,00 ",0%,0%,"0,00 ","0,00 ",0%,0%,"0,00 ","0,00 ",0%,0%,"0,00 ","0,00 ",0%,0%,"0,00 ","0,00 ",0%,0%,"0,00 ","0,00 ",0%,0%,"0,00 ","123.088,66 ",0%,117%,,"0,00 ","123.088,66 ",0%,19%,,"0,00 ","112.000,00 ",0%,50%,,"0,00 ","11.088,66 ",0%,3%
,Empréstimos/Financiamentos obtidos,,"112.000,00 ",0%,107%,,"0,00 ",0%,0%,,"0,00 ",0%,0%,,"0,00 ",0%,0%,,"0,00 ",0%,0%,,"10.000,00 ",0%,10%,,"0,00 ",0%,0%,,"0,00 ",0%,0%,,"0,00 ",0%,0%,,"0,00 ",0%,0%,,"0,00 ",0%,0%,,"0,00 ",0%,0%,"0,00 ","122.000,00 ",0%,116%,,"0,00 ","122.000,00 ",0%,19%,,"0,00 ","112.000,00 ",0%,50%,,"0,00 ","10.000,00 ",0%,2%
,Aporte dos sócios,,"0,00 ",0%,0%,,"0,00 ",0%,0%,,"0,00 ",0%,0%,,"0,00 ",0%,0%,,"0,00 ",0%,0%,,"0,00 ",0%,0%,,"0,00 ",0%,0%,,"0,00 ",0%,0%,,"0,00 ",0%,0%,,"0,00 ",0%,0%,,"0,00 ",0%,0%,,"0,00 ",0%,0%,"0,00 ","0,00 ",0%,0%,,"0,00 ","0,00 ",0%,0%,,"0,00 ","0,00 ",0%,0%,,"0,00 ","0,00 ",0%,0%
,Venda de equipamentos usados,,"0,00 ",0%,0%,,"0,00 ",0%,0%,,"0,00 ",0%,0%,,"0,00 ",0%,0%,,"0,00 ",0%,0%,,"0,00 ",0%,0%,,"0,00 ",0%,0%,,"0,00 ",0%,0%,,"0,00 ",0%,0%,,"0,00 ",0%,0%,,"0,00 ",0%,0%,,"0,00 ",0%,0%,"0,00 ","0,00 ",0%,0%,,"0,00 ","0,00 ",0%,0%,,"0,00 ","0,00 ",0%,0%,,"0,00 ","0,00 ",0%,0%
,Outros entradas não operacionais,,"0,00 ",0%,0%,,"0,00 ",0%,0%,,"0,00 ",0%,0%,,"0,00 ",0%,0%,,"0,00 ",0%,0%,,"1.088,66 ",0%,1%,,"0,00 ",0%,0%,,"0,00 ",0%,0%,,"0,00 ",0%,0%,,"0,00 ",0%,0%,,"0,00 ",0%,0%,,"0,00 ",0%,0%,"0,00 ","1.088,66 ",0%,1%,,"0,00 ","1.088,66 ",0%,0%,,"0,00 ","0,00 ",0%,0%,,"0,00 ","1.088,66 ",0%,0%
,,,"0,00 ",0%,0%,,"0,00 ",0%,0%,,"0,00 ",0%,0%,,"0,00 ",0%,0%,,"0,00 ",0%,0%,,"0,00 ",0%,0%,,"0,00 ",0%,0%,,"0,00 ",0%,0%,,"0,00 ",0%,0%,,"0,00 ",0%,0%,,"0,00 ",0%,0%,,"0,00 ",0%,0%,"0,00 ","0,00 ",0%,0%,,"0,00 ","0,00 ",0%,0%,,"0,00 ","0,00 ",0%,0%,,"0,00 ","0,00 ",0%,0%
, Saídas não Operacionais,"1.870,00 ","2.309,37 ",123%,2%,"1.870,00 ","12.342,43 ",660%,12%,"1.870,00 ","2.619,00 ",140%,2%,"1.870,00 ","10.157,69 ",543%,10%,"1.870,00 ","30.948,93 ",1655%,29%,"1.870,00 ","5.173,49 ",277%,5%,"1.870,00 ","9.928,45 ",531%,9%,"1.870,00 ","0,00 ",0%,0%,"1.870,00 ","0,00 ",0%,0%,"1.870,00 ","0,00 ",0%,0%,"1.870,00 ","0,00 ",0%,0%,"1.870,00 ","0,00 ",0%,0%,"22.440,00 ","73.479,36 ",327%,70%,,"11.220,00 ","63.550,91 ",566%,10%,,"5.610,00 ","17.270,80 ",308%,8%,,"5.610,00 ","46.280,11 ",825%,11%
,Giro Pronampe,"1.870,00 ","2.309,37 ",123%,2%,"1.870,00 ","2.342,43 ",125%,2%,"1.870,00 ","2.251,26 ",120%,2%,"1.870,00 ","5.144,16 ",275%,5%,"1.870,00 ","5.015,93 ",268%,5%,"1.870,00 ","5.173,49 ",277%,5%,"1.870,00 ","5.139,02 ",275%,5%,"1.870,00 ","0,00 ",0%,0%,"1.870,00 ","0,00 ",0%,0%,"1.870,00 ","0,00 ",0%,0%,"1.870,00 ","0,00 ",0%,0%,"1.870,00 ","0,00 ",0%,0%,"22.440,00 ","27.375,66 ",122%,26%,,"11.220,00 ","22.236,64 ",198%,3%,,"5.610,00 ","6.903,06 ",123%,3%,,"5.610,00 ","15.333,58 ",273%,4%
,Juros Bancários e por Atraso,,"0,00 ",0%,0%,,"0,00 ",0%,0%,,"367,74 ",0%,0%,,"2.713,53 ",0%,3%,,"99,00 ",0%,0%,,"0,00 ",0%,0%,,"4.789,43 ",0%,5%,,"0,00 ",0%,0%,,"0,00 ",0%,0%,,"0,00 ",0%,0%,,"0,00 ",0%,0%,,"0,00 ",0%,0%,"0,00 ","7.969,70 ",0%,8%,,"0,00 ","3.180,27 ",0%,0%,,"0,00 ","367,74 ",0%,0%,,"0,00 ","2.812,53 ",0%,1%
,Pagamento de Empréstimos,,"0,00 ",0%,0%,,"0,00 ",0%,0%,,"0,00 ",0%,0%,,"2.300,00 ",0%,2%,,"25.834,00 ",0%,25%,,"0,00 ",0%,0%,,"0,00 ",0%,0%,,"0,00 ",0%,0%,,"0,00 ",0%,0%,,"0,00 ",0%,0%,,"0,00 ",0%,0%,,"0,00 ",0%,0%,"0,00 ","28.134,00 ",0%,27%,,"0,00 ","28.134,00 ",0%,4%,,"0,00 ","0,00 ",0%,0%,,"0,00 ","28.134,00 ",0%,7%
,Retirada de Lucros,,"0,00 ",0%,0%,,"10.000,00 ",0%,10%,,"0,00 ",0%,0%,,"0,00 ",0%,0%,,"0,00 ",0%,0%,,"0,00 ",0%,0%,,"0,00 ",0%,0%,,"0,00 ",0%,0%,,"0,00 ",0%,0%,,"0,00 ",0%,0%,,"0,00 ",0%,0%,,"0,00 ",0%,0%,"0,00 ","10.000,00 ",0%,10%,,"0,00 ","10.000,00 ",0%,2%,,"0,00 ","10.000,00 ",0%,4%,,"0,00 ","0,00 ",0%,0%
,Juros de Antecipação de Recebíveis,,"0,00 ",0%,0%,,"0,00 ",0%,0%,,"0,00 ",0%,0%,,"0,00 ",0%,0%,,"0,00 ",0%,0%,,"0,00 ",0%,0%,,"0,00 ",0%,0%,,"0,00 ",0%,0%,,"0,00 ",0%,0%,,"0,00 ",0%,0%,,"0,00 ",0%,0%,,"0,00 ",0%,0%,"0,00 ","0,00 ",0%,0%,,"0,00 ","0,00 ",0%,0%,,"0,00 ","0,00 ",0%,0%,,"0,00 ","0,00 ",0%,0%
,Outras saídas não operacionais,,"0,00 ",0%,0%,,"0,00 ",0%,0%,,"0,00 ",0%,0%,,"0,00 ",0%,0%,,"0,00 ",0%,0%,,"0,00 ",0%,0%,,"0,00 ",0%,0%,,"0,00 ",0%,0%,,"0,00 ",0%,0%,,"0,00 ",0%,0%,,"0,00 ",0%,0%,,"0,00 ",0%,0%,"0,00 ","0,00 ",0%,0%,,"0,00 ","0,00 ",0%,0%,,"0,00 ","0,00 ",0%,0%,,"0,00 ","0,00 ",0%,0%
, Lucro Líquido de caixa mensal,"-66.706,41 ","65.318,45 ",-98%,62%,"-7.189,32 ","-41.179,93 ",573%,-39%,"63.478,66 ","-51.353,02 ",-81%,-49%,"63.091,67 ","-29.630,06 ",-47%,-28%,"141.321,61 ","44.333,67 ",31%,42%,"144.444,30 ","-38.899,49 ",-27%,-37%,"97.127,63 ","21.595,55 ",22%,21%,"181.220,66 ","-24.087,49 ",-13%,-23%,"73.821,44 ","0,00 ",0%,0%,"116.454,46 ","0,00 ",0%,0%,"141.631,81 ","0,00 ",0%,0%,"72.701,89 ","0,00 ",0%,0%,"1.021.398,40 ","-53.902,32 ",-5%,-51%,,"338.440,51 ","-51.410,38 ",-15%,-8%,,"-10.417,07 ","-27.214,50 ",261%,-12%,,"348.857,58 ","-24.195,88 ",-7%,-6%
, Lucro líquido acumulado (Reservas),"8.148,65 ","140.173,51 ",1720%,134%,"959,33 ","98.993,58 ",10319%,94%,"64.437,99 ","47.640,56 ",74%,45%,"127.529,66 ","18.010,50 ",14%,17%,"268.851,27 ","62.344,17 ",23%,59%,"413.295,57 ","23.444,68 ",6%,22%,"510.423,20 ","45.040,23 ",9%,43%,"691.643,86 ","20.952,74 ",3%,20%,"765.465,30 ","20.952,74 ",3%,20%,"881.919,76 ","20.952,74 ",2%,20%,"1.023.551,57 ","20.952,74 ",2%,20%,"1.096.253,46 ","20.952,74 ",2%,20%,"1.096.253,46 ","20.952,74 ",2%,20%,,"413.295,57 ","23.444,68 ",6%,4%,,"64.437,99 ","47.640,56 ",74%,21%,,"413.295,57 ","23.444,68 ",6%,6%
, Saldo do ano anterior,"74.855,06 ",,,,,,,,,,,,,,,,,,,,,,,,,,,,,,,,,,,,,,,,,,,,,,,,,,,,,,,,,,,,,,,,,,