Ano/Mês,Data Movimentação,,Subgrupo,Grupo,Valor,,,,,,,,,,,,,,
01/01/2025,02/01/2025,Vale Alimentação-ADM,Despesas com Pessoal,Despesas Operacionais,"3.200,00 ",,,,,,,,,,,,,,
01/01/2025,02/01/2025,Salário,Custos com Mão de Obra ,Custos,"7.873,95 ",,,,,,,,,,,,,,
01/01/2025,02/01/2025,Salário-ADM,Despesas com Pessoal,Despesas Operacionais,"9.032,46 ",,,,,,,,,,,,,,
01/01/2025,02/01/2025,Pró-Labore-ADM,Despesas com Pessoal,Despesas Operacionais,"14.400,00 ",,,,,,,,,,,,,,
01/01/2025,02/01/2025,Pró-Labore,Custos com Mão de Obra ,Custos,"9.600,00 ",,,,,,,,,,,,,,
01/01/2025,02/01/2025,Comissão Closer,Custos com Serviços Prestados,Custos,"447,21 ",,,,,,,,,,,,,,
01/01/2025,03/01/2025,Alimentação Escritório,Custos com Mão de Obra ,Custos,"1.380,00 ",,,,,,,,,,,,,,
01/01/2025,03/01/2025,Vendas Cursos pelo o comercial,Receita,Receita,"110,00 ",,,,,,,,,,,,,,
01/01/2025,03/01/2025,Tarifas Bancárias,Despesas Financeiras,Despesas Operacionais,"139,00 ",,,,,,,,,,,,,,
01/01/2025,03/01/2025,Telefone e Internet ,Despesas Administrativas,Despesas Operacionais,"275,74 ",,,,,,,,,,,,,,
01/01/2025,06/01/2025,Vendas Cursos pelo o comercial,Receita,Receita,"440,00 ",,,,,,,,,,,,,,
01/01/2025,06/01/2025,Consultoria Financeira,Despesas Administrativas,Despesas Operacionais,"1.200,00 ",,,,,,,,,,,,,,
01/01/2025,06/01/2025,Vendas Cursos pelo o comercial,Receita,Receita,"500,00 ",,,,,,,,,,,,,,
01/01/2025,07/01/2025,Exames ocupacionais-ADM,Despesas com Pessoal,Despesas Operacionais,"48,00 ",,,,,,,,,,,,,,
01/01/2025,07/01/2025,Vendas Cursos pelo o comercial,Receita,Receita,"98,41 ",,,,,,,,,,,,,,
01/01/2025,08/01/2025,Brindes,Despesas Comerciais,Despesas Operacionais,"120,00 ",,,,,,,,,,,,,,
01/01/2025,08/01/2025,Marketing B2B para clientes,Receita,Receita,"2.500,00 ",,,,,,,,,,,,,,
01/01/2025,08/01/2025,Faxina do escritório,Despesas Administrativas,Despesas Operacionais,"650,00 ",,,,,,,,,,,,,,
01/01/2025,08/01/2025,Vendas Cursos pelo o comercial,Receita,Receita,"1.362,20 ",,,,,,,,,,,,,,
01/01/2025,09/01/2025,Convênio Medico-ADM,Despesas com Pessoal,Despesas Operacionais,"1.423,27 ",,,,,,,,,,,,,,
01/01/2025,09/01/2025,Vendas Cursos pelo o comercial,Receita,Receita,"400,00 ",,,,,,,,,,,,,,
01/01/2025,09/01/2025,Comissão parceiros - Rolamentos,Custos com Serviços Prestados,Custos,"14.096,92 ",,,,,,,,,,,,,,
01/01/2025,09/01/2025,Vendas Cursos pelo o comercial,Receita,Receita,"360,00 ",,,,,,,,,,,,,,
01/01/2025,13/01/2025,Férias,Custos com Mão de Obra ,Custos,"1.532,84 ",,,,,,,,,,,,,,
01/01/2025,13/01/2025,Água,Despesas Administrativas,Despesas Operacionais,"77,94 ",,,,,,,,,,,,,,
01/01/2025,13/01/2025,Energia Elétrica,Despesas Administrativas,Despesas Operacionais,"87,64 ",,,,,,,,,,,,,,
01/01/2025,14/01/2025,Vendas Cursos pelo o comercial,Receita,Receita,"600,00 ",,,,,,,,,,,,,,
01/01/2025,15/01/2025,Comissão SDR,Custos com Serviços Prestados,Custos,"220,00 ",,,,,,,,,,,,,,
,15/01/2025,Manutenção Máquinas e Equipamentos-ADM,Despesas Administrativas,Despesas Operacionais,"100,00 ",,,,,,,,,,,,,,
,15/01/2025,Outros investimentos em bens materiais,Investimentos em Bens Materiais,Investimentos,"1.228,32 ",,,,,,,,,,,,,,
01/01/2025,15/01/2025,Materiais para treinamentos,Custos com Serviços Prestados,Custos,"14,50 ",,,,,,,,,,,,,,
01/01/2025,15/01/2025,Anuncio marketing B2B,Despesas Marketing,Despesas Operacionais,"1.007,41 ",,,,,,,,,,,,,,
01/01/2025,15/01/2025,Ferramentas e aplicativos - Marketing,Despesas Marketing,Despesas Operacionais,"850,53 ",,,,,,,,,,,,,,
01/01/2025,15/01/2025,Treinamento e Desenvolvimento,Custos com Mão de Obra ,Custos,"489,25 ",,,,,,,,,,,,,,
01/01/2025,15/01/2025,Passagem aérea,Custos com Serviços Prestados,Custos,"615,19 ",,,,,,,,,,,,,,
01/01/2025,15/01/2025,Locação de veículos,Custos com Serviços Prestados,Custos,"95,00 ",,,,,,,,,,,,,,
01/01/2025,15/01/2025,Agências de markentig e Gestão de trafégo ,Despesas Marketing,Despesas Operacionais,"107,38 ",,,,,,,,,,,,,,
01/01/2025,15/01/2025,Liberação de acessos para alunos,Outras Despesas,Despesas Operacionais,"49,60 ",,,,,,,,,,,,,,
01/01/2025,03/01/2025,Treinamentos e consultorias Contratos antigos,Receita,Receita,"27.500,00 ",,,,,,,,,,,,,,
01/01/2025,03/01/2025,Marketing B2B para clientes,Receita,Receita,"5.494,50 ",,,,,,,,,,,,,,
01/01/2025,03/01/2025,Materiais para treinamentos,Custos com Serviços Prestados,Custos,"942,40 ",,,,,,,,,,,,,,
01/01/2025,06/01/2025,Giro Pronampe,Saídas não Operacionais,Movimentações Não Operacionais,"2.309,37 ",,,,,,,,,,,,,,
01/01/2025,10/01/2025,Simples Nacional,Deduções da receita,Deduções,"18.159,77 ",,,,,,,,,,,,,,
01/01/2025,10/01/2025,Simples Nacional,Deduções da receita,Deduções,"15.058,14 ",,,,,,,,,,,,,,
01/01/2025,10/01/2025,Tarifas Bancárias,Despesas Financeiras,Despesas Operacionais,"73,80 ",,,,,,,,,,,,,,
01/01/2025,10/01/2025,Seguros,Despesas Administrativas,Despesas Operacionais,"253,89 ",,,,,,,,,,,,,,
01/01/2025,13/01/2025,Treinamentos e consultorias Contratos antigos,Receita,Receita,"57.667,02 ",,,,,,,,,,,,,,
01/01/2025,13/01/2025,Tarifas Bancárias,Despesas Financeiras,Despesas Operacionais,"40,00 ",,,,,,,,,,,,,,
01/01/2025,17/01/2025,Simples Nacional,Deduções da receita,Deduções,"5.495,73 ",,,,,,,,,,,,,,
01/01/2025,17/01/2025,Telefone e Internet ,Despesas Administrativas,Despesas Operacionais,"139,90 ",,,,,,,,,,,,,,
01/01/2025,17/01/2025,Sistemas ADM,Despesas Administrativas,Despesas Operacionais,"260,27 ",,,,,,,,,,,,,,
01/01/2025,23/01/2025,Marketing B2B para clientes,Receita,Receita,"3.000,00 ",,,,,,,,,,,,,,
01/01/2025,24/01/2025,Brindes,Despesas Comerciais,Despesas Operacionais,"35,55 ",,,,,,,,,,,,,,
01/01/2025,07/01/2025,Tarifas de Cartão ,Despesas Financeiras,Despesas Operacionais,"306,53 ",,,,,,,,,,,,,,
01/01/2025,07/01/2025,Liberação de acessos para alunos,Outras Despesas,Despesas Operacionais,"109,70 ",,,,,,,,,,,,,,
01/01/2025,07/01/2025,Materiais para treinamentos,Custos com Serviços Prestados,Custos,"358,00 ",,,,,,,,,,,,,,
01/01/2025,07/01/2025,Outros investimentos em bens materiais,Investimentos em Bens Materiais,Investimentos,"1.337,08 ",,,,,,,,,,,,,,
01/01/2025,28/01/2025,Tarifas de Cartão ,Despesas Financeiras,Despesas Operacionais,"185,50 ",,,,,,,,,,,,,,
01/01/2025,28/01/2025,Alimentação prestação de serviços,Custos com Serviços Prestados,Custos,"597,46 ",,,,,,,,,,,,,,
01/01/2025,28/01/2025,Materiais para treinamentos,Custos com Serviços Prestados,Custos,"385,00 ",,,,,,,,,,,,,,
01/01/2025,28/01/2025,Gasolina / Combustível-COM,Despesas Comerciais,Despesas Operacionais,"262,74 ",,,,,,,,,,,,,,
01/01/2025,28/01/2025,Hotel prestação de serviços,Custos com Serviços Prestados,Custos,"2.283,36 ",,,,,,,,,,,,,,
01/01/2025,28/01/2025,Confraternização,Despesas com Pessoal,Despesas Operacionais,"470,24 ",,,,,,,,,,,,,,
01/01/2025,28/01/2025,Materiais de Expediente/Escritório,Despesas Administrativas,Despesas Operacionais,"517,46 ",,,,,,,,,,,,,,
01/01/2025,28/01/2025,Tarifas de Cartão ,Despesas Financeiras,Despesas Operacionais,"10,37 ",,,,,,,,,,,,,,
01/01/2025,28/01/2025,Liberação de acessos para alunos,Outras Despesas,Despesas Operacionais,"3,90 ",,,,,,,,,,,,,,
01/01/2025,28/01/2025,Locação de veículos,Custos com Serviços Prestados,Custos,"236,32 ",,,,,,,,,,,,,,
01/01/2025,17/01/2025,Vendas Cursos pelo o comercial,Receita,Receita,"344,00 ",,,,,,,,,,,,,,
01/01/2025,20/01/2025,FGTS,Custos com Mão de Obra ,Custos,"1.067,24 ",,,,,,,,,,,,,,
01/01/2025,20/01/2025,Treinamento e Desenvolvimento,Custos com Mão de Obra ,Custos,"2.713,00 ",,,,,,,,,,,,,,
01/01/2025,20/01/2025,Vendas Cursos pelo o comercial,Receita,Receita,"1.400,00 ",,,,,,,,,,,,,,
01/01/2025,24/01/2025,FGTS,Custos com Mão de Obra ,Custos,"2.876,14 ",,,,,,,,,,,,,,
01/01/2025,24/01/2025,Rescisão,Custos com Mão de Obra ,Custos,"6.900,67 ",,,,,,,,,,,,,,
01/01/2025,24/01/2025,Rescisão,Custos com Mão de Obra ,Custos,"1.645,00 ",,,,,,,,,,,,,,
01/01/2025,24/01/2025,Empréstimos/Financiamentos obtidos,Entradas não Operacionais,Movimentações Não Operacionais,"112.000,00 ",,,,,,,,,,,,,,
01/01/2025,24/01/2025,Aluguel e Condomínio,Despesas Administrativas,Despesas Operacionais,"1.877,74 ",,,,,,,,,,,,,,
01/01/2025,24/01/2025,Materiais de Expediente/Escritório,Despesas Administrativas,Despesas Operacionais,"69,22 ",,,,,,,,,,,,,,
01/01/2025,24/01/2025,Vendas Cursos pelo o comercial,Receita,Receita,"714,00 ",,,,,,,,,,,,,,
01/01/2025,27/01/2025,Gasolina / Combustível-COM,Despesas Comerciais,Despesas Operacionais,"180,00 ",,,,,,,,,,,,,,
01/01/2025,27/01/2025,Hotel prestação de serviços,Custos com Serviços Prestados,Custos,"666,40 ",,,,,,,,,,,,,,
01/01/2025,27/01/2025,Alimentação prestação de serviços,Custos com Serviços Prestados,Custos,"64,00 ",,,,,,,,,,,,,,
01/01/2025,27/01/2025,Brindes,Despesas Comerciais,Despesas Operacionais,"90,00 ",,,,,,,,,,,,,,
01/01/2025,27/01/2025,Contabilidade,Despesas Administrativas,Despesas Operacionais,"319,59 ",,,,,,,,,,,,,,
01/01/2025,29/01/2025,Marketing B2B para clientes,Receita,Receita,"2.500,00 ",,,,,,,,,,,,,,
01/01/2025,30/01/2025,Outras despesas Comerciais,Despesas Comerciais,Despesas Operacionais,"146,54 ",,,,,,,,,,,,,,
01/01/2025,30/01/2025,Materiais para treinamentos,Custos com Serviços Prestados,Custos,"186,00 ",,,,,,,,,,,,,,
01/01/2025,30/01/2025,Seguros,Despesas Administrativas,Despesas Operacionais,"88,71 ",,,,,,,,,,,,,,
01/01/2025,31/01/2025,Consultoria de Recursos Humanos,Despesas com Pessoal,Despesas Operacionais,"1.750,00 ",,,,,,,,,,,,,,
01/01/2025,31/01/2025,Vale Alimentação-ADM,Despesas com Pessoal,Despesas Operacionais,"3.200,00 ",,,,,,,,,,,,,,
01/01/2025,31/01/2025,Comissão parceiros ,Custos com Serviços Prestados,Custos,"7.800,00 ",,,,,,,,,,,,,,
01/02/2025,03/02/2025,IPTU e Taxas Públicas,Despesas Administrativas,Despesas Operacionais,"256,74 ",,,,,,,,,,,,,,
01/02/2025,03/02/2025,Salário,Custos com Mão de Obra ,Custos,"8.100,08 ",,,,,,,,,,,,,,
01/02/2025,03/02/2025,Salário-ADM,Despesas com Pessoal,Despesas Operacionais,"6.805,56 ",,,,,,,,,,,,,,
01/02/2025,03/02/2025,Pró-Labore-ADM,Despesas com Pessoal,Despesas Operacionais,"14.400,00 ",,,,,,,,,,,,,,
01/02/2025,03/02/2025,Pró-Labore,Custos com Mão de Obra ,Custos,"9.600,00 ",,,,,,,,,,,,,,
,03/02/2025,Marketing B2B para clientes,Receita,Receita,"2.500,00 ",,,,,,,,,,,,,,
01/02/2025,03/02/2025,Telefone e Internet ,Despesas Administrativas,Despesas Operacionais,"275,74 ",,,,,,,,,,,,,,
01/02/2025,04/02/2025,Estacionamento / Pedágios-COM,Despesas Comerciais,Despesas Operacionais,"16,40 ",,,,,,,,,,,,,,
01/02/2025,04/02/2025,Locação de veículos,Custos com Serviços Prestados,Custos,"148,72 ",,,,,,,,,,,,,,
01/02/2025,04/02/2025,Gasolina / Combustível-COM,Despesas Comerciais,Despesas Operacionais,"150,03 ",,,,,,,,,,,,,,
01/02/2025,04/02/2025,Hotel prestação de serviços,Custos com Serviços Prestados,Custos,"4.370,00 ",,,,,,,,,,,,,,
01/02/2025,04/02/2025,Alimentação Escritório,Custos com Mão de Obra ,Custos,"1.008,00 ",,,,,,,,,,,,,,
01/02/2025,04/02/2025,Vendas Cursos pelo o comercial,Receita,Receita,"550,00 ",,,,,,,,,,,,,,
01/02/2025,04/02/2025,Tarifas Bancárias,Despesas Financeiras,Despesas Operacionais,"139,00 ",,,,,,,,,,,,,,
01/02/2025,04/02/2025,Giro Pronampe,Saídas não Operacionais,Movimentações Não Operacionais,"540,84 ",,,,,,,,,,,,,,
01/02/2025,04/02/2025,Tarifas de Cartão ,Despesas Financeiras,Despesas Operacionais,"98,39 ",,,,,,,,,,,,,,
01/02/2025,05/02/2025,Marketing B2B para clientes,Receita,Receita,"5.494,50 ",,,,,,,,,,,,,,
01/02/2025,05/02/2025,Consultoria Financeira,Despesas Administrativas,Despesas Operacionais,"1.200,00 ",,,,,,,,,,,,,,
01/02/2025,05/02/2025,Confraternização,Despesas com Pessoal,Despesas Operacionais,"188,90 ",,,,,,,,,,,,,,
01/02/2025,05/02/2025,Giro Pronampe,Saídas não Operacionais,Movimentações Não Operacionais,"1.801,59 ",,,,,,,,,,,,,,
01/02/2025,05/02/2025,Vendas Cursos pelo o comercial,Receita,Receita,"467,00 ",,,,,,,,,,,,,,
01/02/2025,07/02/2025,Materiais para treinamentos,Custos com Serviços Prestados,Custos,"429,90 ",,,,,,,,,,,,,,
01/02/2025,07/02/2025,Hotel prestação de serviços,Custos com Serviços Prestados,Custos,"660,00 ",,,,,,,,,,,,,,
01/02/2025,07/02/2025,Anuncio marketing B2B,Despesas Marketing,Despesas Operacionais,"798,94 ",,,,,,,,,,,,,,
01/02/2025,07/02/2025,Ferramentas e aplicativos - Marketing,Despesas Marketing,Despesas Operacionais,"1.195,12 ",,,,,,,,,,,,,,
01/02/2025,07/02/2025,Sistemas ADM,Despesas Administrativas,Despesas Operacionais,"546,60 ",,,,,,,,,,,,,,
01/02/2025,07/02/2025,Treinamento e Desenvolvimento,Custos com Mão de Obra ,Custos,"519,29 ",,,,,,,,,,,,,,
01/02/2025,07/02/2025,Agências de markentig e Gestão de trafégo ,Despesas Marketing,Despesas Operacionais,"107,38 ",,,,,,,,,,,,,,
01/02/2025,07/02/2025,Alimentação prestação de serviços,Custos com Serviços Prestados,Custos,"653,43 ",,,,,,,,,,,,,,
01/02/2025,07/02/2025,Manutenção escritório,Despesas Administrativas,Despesas Operacionais,"130,00 ",,,,,,,,,,,,,,
01/02/2025,07/02/2025,Outros investimentos em bens materiais,Investimentos em Bens Materiais,Investimentos,"1.924,23 ",,,,,,,,,,,,,,
01/02/2025,07/02/2025,Materiais para treinamentos,Custos com Serviços Prestados,Custos,"248,50 ",,,,,,,,,,,,,,
01/02/2025,07/02/2025,Manutenção Máquinas e Equipamentos-ADM,Despesas Administrativas,Despesas Operacionais,"138,94 ",,,",",,,,,,,,,,,
01/02/2025,07/02/2025,Hotel prestação de serviços,Custos com Serviços Prestados,Custos,"928,00 ",,,,,,,,,,,,,,
01/02/2025,07/02/2025,Locação de veículos,Custos com Serviços Prestados,Custos,"170,40 ",,,,,,,,,,,,,,
01/02/2025,07/02/2025,Gasolina / Combustível-COM,Despesas Comerciais,Despesas Operacionais,"330,02 ",,,,,,,,,,,,,,
01/02/2025,10/02/2025,Alimentação prestação de serviços,Custos com Serviços Prestados,Custos,"181,13 ",,,,,,,,,,,,,,
01/02/2025,10/02/2025,Locação de veículos,Custos com Serviços Prestados,Custos,"111,87 ",,,,,,,,,,,,,,
01/02/2025,10/02/2025,Convênio Medico-ADM,Despesas com Pessoal,Despesas Operacionais,"1.560,74 ",,,,,,,,,,,,,,
01/02/2025,10/02/2025,Tarifas Bancárias,Despesas Financeiras,Despesas Operacionais,"73,80 ",,,,,,,,,,,,,,
01/02/2025,10/02/2025,Seguros,Despesas Administrativas,Despesas Operacionais,"253,80 ",,,,,,,,,,,,,,
01/02/2025,10/02/2025,Faxina do escritório,Despesas Administrativas,Despesas Operacionais,"500,00 ",,,,,,,,,,,,,,
01/02/2025,11/02/2025,Materiais de Expediente/Escritório,Despesas Administrativas,Despesas Operacionais,"119,21 ",,,,,,,,,,,,,,
01/02/2025,11/02/2025,Estacionamento / Pedágios-COM,Despesas Comerciais,Despesas Operacionais,"5,00 ",,,,,,,,,,,,,,
01/02/2025,11/02/2025,Água,Despesas Administrativas,Despesas Operacionais,"72,62 ",,,,,,,,,,,,,,
01/02/2025,12/02/2025,Treinamentos e consultorias Contratos antigos,Receita,Receita,"26.599,43 ",,,,,,,,,,,,,,
01/02/2025,12/02/2025,Serviços de terceiros-ADM,Despesas Administrativas,Despesas Operacionais,"750,00 ",,,,,,,,,,,,,,
01/02/2025,12/02/2025,Despesas de Viagens-ADM,Despesas Administrativas,Despesas Operacionais,"10,90 ",,,,,,,,,,,,,,
01/02/2025,12/02/2025,Retirada de Lucros,Saídas não Operacionais,Movimentações Não Operacionais,"10.000,00 ",,,,,,,,,,,,,,
01/02/2025,14/02/2025,Despesas de Viagens,Despesas Marketing,Despesas Operacionais,"7,00 ",,,,,,,,,,,,,,
01/02/2025,17/02/2025,Vendas Cursos pelo o comercial,Receita,Receita,"500,00 ",,,,,,,,,,,,,,
01/02/2025,17/02/2025,Agências de markentig e Gestão de trafégo ,Despesas Marketing,Despesas Operacionais,"535,00 ",,,,,,,,,,,,,,
01/02/2025,17/02/2025,Sistemas ADM,Despesas Administrativas,Despesas Operacionais,"255,00 ",,,,,,,,,,,,,,
01/02/2025,17/02/2025,Comissão SDR,Custos com Serviços Prestados,Custos,"440,00 ",,,,,,,,,,,,,,
01/02/2025,17/02/2025,Treinamentos e consultorias Contratos antigos,Receita,Receita,"9.248,00 ",,,,,,,,,,,,,,
01/02/2025,17/02/2025,Vendas Cursos pelo o comercial,Receita,Receita,"1.042,90 ",,,,,,,,,,,,,,
01/02/2025,17/02/2025,INSS ,Custos com Mão de Obra ,Custos,"7.338,60 ",,,,,,,,,,,,,,
01/02/2025,18/02/2025,Aluguel e Condomínio,Despesas Administrativas,Despesas Operacionais,"1.877,74 ",,,,,,,,,,,,,,
01/02/2025,18/02/2025,Simples Nacional,Deduções da receita,Deduções,"391,70 ",,,,,,,,,,,,,,
01/02/2025,18/02/2025,Simples Nacional,Deduções da receita,Deduções,"391,70 ",,,,,,,,,,,,,,
01/02/2025,19/02/2025,Materiais para treinamentos,Custos com Serviços Prestados,Custos,"1.625,00 ",,,,,,,,,,,,,,
01/02/2025,19/02/2025,Telefone e Internet ,Despesas Administrativas,Despesas Operacionais,"139,90 ",,,,,,,,,,,,,,
01/02/2025,20/02/2025,Hotel prestação de serviços,Custos com Serviços Prestados,Custos,"495,00 ",,,,,,,,,,,,,,
01/02/2025,21/02/2025,Hotel prestação de serviços,Custos com Serviços Prestados,Custos,"779,00 ",,,,,,,,,,,,,,
01/02/2025,21/02/2025,Locação de veículos,Custos com Serviços Prestados,Custos,"239,27 ",,,,,,,,,,,,,,
01/02/2025,21/02/2025,Alimentação prestação de serviços,Custos com Serviços Prestados,Custos,"109,48 ",,,,,,,,,,,,,,
01/02/2025,21/02/2025,Marketing B2B para clientes,Receita,Receita,"3.003,00 ",,,,,,,,,,,,,,
01/02/2025,21/02/2025,Treinamento e Desenvolvimento,Custos com Mão de Obra ,Custos,"2.553,00 ",,,,,,,,,,,,,,
01/02/2025,24/02/2025,Seguros,Despesas Administrativas,Despesas Operacionais,"88,71 ",,,,,,,,,,,,,,
01/02/2025,26/02/2025,Uniformes e EPIs,Despesas com Pessoal,Despesas Operacionais,"180,00 ",,,,,,,,,,,,,,
01/02/2025,27/02/2025,Outras despesas Comerciais,Despesas Comerciais,Despesas Operacionais,"272,59 ",,,,,,,,,,,,,,
01/02/2025,28/02/2025,Outros custos de serviços prestados,Custos com Serviços Prestados,Custos,"5,00 ",,,,,,,,,,,,,,
01/02/2025,28/02/2025,Marketing B2B para clientes,Receita,Receita,"2.500,00 ",,,,,,,,,,,,,,
01/02/2025,28/02/2025,Vendas Cursos pelo o comercial,Receita,Receita,"665,00 ",,,,,,,,,,,,,,
01/02/2025,28/02/2025,Vale Alimentação-ADM,Despesas com Pessoal,Despesas Operacionais,"3.200,00 ",,,,,,,,,,,,,,
01/02/2025,28/02/2025,Hotel prestação de serviços,Custos com Serviços Prestados,Custos,"1.306,26 ",,,,,,,,,,,,,,
01/03/2025,03/03/2025,Salário,Custos com Mão de Obra ,Custos,"8.100,08 ",,,,,,,,,,,,,,
01/03/2025,03/03/2025,Salário-ADM,Despesas com Pessoal,Despesas Operacionais,"9.336,07 ",,,,,,,,,,,,,,
01/03/2025,03/03/2025,Pró-Labore-ADM,Despesas com Pessoal,Despesas Operacionais,"14.400,00 ",,,,,,,,,,,,,,
01/03/2025,03/03/2025,Pró-Labore,Custos com Mão de Obra ,Custos,"9.600,00 ",,,,,,,,,,,,,,
01/03/2025,03/03/2025,Outros investimentos em bens materiais,Investimentos em Bens Materiais,Investimentos,"991,10 ",,,,,,,,,,,,,,
01/03/2025,03/03/2025,Ferramentas e aplicativos - Marketing,Despesas Marketing,Despesas Operacionais,"543,00 ",,,,,,,,,,,,,,
01/03/2025,03/03/2025,Passagem aérea,Custos com Serviços Prestados,Custos,"775,60 ",,,,,,,,,,,,,,
01/03/2025,03/03/2025,Locação de veículos,Custos com Serviços Prestados,Custos,"523,16 ",,,,,,,,,,,,,,
01/03/2025,03/03/2025,Ferramentas e aplicativos - Marketing,Despesas Marketing,Despesas Operacionais,"2.089,36 ",,,,,,,,,,,,,,
01/03/2025,03/03/2025,Alimentação prestação de serviços,Custos com Serviços Prestados,Custos,"207,30 ",,,,,,,,,,,,,,
01/03/2025,03/03/2025,Materiais de Expediente/Escritório,Despesas Administrativas,Despesas Operacionais,"16,80 ",,,,,,,,,,,,,,
01/03/2025,03/03/2025,Ferramentas e aplicativos - Marketing,Despesas Marketing,Despesas Operacionais,"215,06 ",,,,,,,,,,,,,,
01/03/2025,03/03/2025,Vendas Cursos pelo o comercial,Receita,Receita,"170,00 ",,,,,,,,,,,,,,
01/03/2025,03/03/2025,Telefone e Internet ,Despesas Administrativas,Despesas Operacionais,"314,42 ",,,,,,,,,,,,,,
01/03/2025,03/03/2025,Vendas Cursos pelo o comercial,Receita,Receita,"720,00 ",,,,,,,,,,,,,,
01/03/2025,05/03/2025,Giro Pronampe,Saídas não Operacionais,Movimentações Não Operacionais,"2.159,14 ",,,,,,,,,,,,,,
01/03/2025,06/03/2025,Hotel prestação de serviços,Custos com Serviços Prestados,Custos,"570,00 ",,,,,,,,,,,,,,
01/03/2025,06/03/2025,Confraternização,Despesas com Pessoal,Despesas Operacionais,"125,00 ",,,,,,,,,,,,,,
01/03/2025,06/03/2025,Marketing B2B para clientes,Receita,Receita,"5.494,50 ",,,,,,,,,,,,,,
01/03/2025,06/03/2025,Giro Pronampe,Saídas não Operacionais,Movimentações Não Operacionais,"92,12 ",,,,,,,,,,,,,,
01/03/2025,06/03/2025,Tarifas Bancárias,Despesas Financeiras,Despesas Operacionais,"89,77 ",,,,,,,,,,,,,,
01/03/2025,06/03/2025,Juros Bancários e por Atraso,Saídas não Operacionais,Movimentações Não Operacionais,"208,74 ",,,,,,,,,,,,,,
01/03/2025,06/03/2025,Liberação de acessos para alunos,Outras Despesas,Despesas Operacionais,"12,70 ",,,,,,,,,,,,,,
01/03/2025,06/03/2025,Alimentação prestação de serviços,Custos com Serviços Prestados,Custos,"1.255,59 ",,,,,,,,,,,,,,
01/03/2025,06/03/2025,Despesas de Viagens-COM,Despesas Comerciais,Despesas Operacionais,"41,00 ",,,,,,,,,,,,,,
01/03/2025,06/03/2025,Gasolina / Combustível-ADM,Despesas Administrativas,Despesas Operacionais,"243,15 ",,,,,,,,,,,,,,
01/03/2025,06/03/2025,Outros custos de serviços prestados,Custos com Serviços Prestados,Custos,"294,72 ",,,,,,,,,,,,,,
01/03/2025,06/03/2025,Realização Eventos,Despesas Marketing,Despesas Operacionais,"286,29 ",,,,,,,,,,,,,,
01/03/2025,06/03/2025,Locação de veículos,Custos com Serviços Prestados,Custos,"236,82 ",,,,,,,,,,,,,,
01/03/2025,06/03/2025,Juros Bancários e por Atraso,Saídas não Operacionais,Movimentações Não Operacionais,"159,00 ",,,,,,,,,,,,,,
01/03/2025,07/03/2025,Locação de veículos,Custos com Serviços Prestados,Custos,"7,50 ",,,,,,,,,,,,,,
01/03/2025,07/03/2025,Tarifas Bancárias,Despesas Financeiras,Despesas Operacionais,"9,37 ",,,,,,,,,,,,,,
01/03/2025,10/03/2025,Vendas Cursos pelo o comercial,Receita,Receita,"540,00 ",,,,,,,,,,,,,,
01/03/2025,10/03/2025,Consultoria Financeira,Despesas Administrativas,Despesas Operacionais,"1.200,00 ",,,,,,,,,,,,,,
01/03/2025,10/03/2025,Tarifas Bancárias,Despesas Financeiras,Despesas Operacionais,"75,40 ",,,,,,,,,,,,,,
01/03/2025,11/03/2025,Materiais para treinamentos,Custos com Serviços Prestados,Custos,"658,68 ",,,,,,,,,,,,,,
01/03/2025,11/03/2025,Exames ocupacionais-ADM,Despesas com Pessoal,Despesas Operacionais,"48,00 ",,,,,,,,,,,,,,
01/03/2025,11/03/2025,Confraternização,Despesas com Pessoal,Despesas Operacionais,"122,00 ",,,,,,,,,,,,,,
01/03/2025,11/03/2025,Seguros,Despesas Administrativas,Despesas Operacionais,"253,89 ",,,,,,,,,,,,,,
01/03/2025,12/03/2025,Outros custos de serviços prestados,Custos com Serviços Prestados,Custos,"11,70 ",,,,,,,,,,,,,,
01/03/2025,13/03/2025,Alimentação Escritório,Custos com Mão de Obra ,Custos,"1.526,00 ",,,,,,,,,,,,,,
01/03/2025,14/03/2025,Vendas Cursos pelo o comercial,Receita,Receita,"156,00 ",,,,,,,,,,,,,,
01/03/2025,14/03/2025,Hotel prestação de serviços,Custos com Serviços Prestados,Custos,"513,00 ",,,,,,,,,,,,,,
01/03/2025,14/03/2025,Comissão SDR,Custos com Serviços Prestados,Custos,"360,00 ",,,,,,,,,,,,,,
01/03/2025,14/03/2025,Vendas Cursos pelo o comercial,Receita,Receita,"168,00 ",,,,,,,,,,,,,,
01/03/2025,17/03/2025,Convênio Medico-ADM,Despesas com Pessoal,Despesas Operacionais,"1.816,95 ",,,,,,,,,,,,,,
01/03/2025,17/03/2025,Locação de veículos,Custos com Serviços Prestados,Custos,"103,87 ",,,,,,,,,,,,,,
01/03/2025,17/03/2025,Alimentação prestação de serviços,Custos com Serviços Prestados,Custos,"59,81 ",,,,,,,,,,,,,,
01/03/2025,19/03/2025,Vendas Cursos pelo o comercial,Receita,Receita,"1.253,00 ",,,,,,,,,,,,,,
01/03/2025,19/03/2025,Materiais para treinamentos,Custos com Serviços Prestados,Custos,"40,00 ",,,,,,,,,,,,,,
01/03/2025,19/03/2025,Materiais de Expediente/Escritório,Despesas Administrativas,Despesas Operacionais,"13,90 ",,,,,,,,,,,,,,
01/03/2025,19/03/2025,Hotel prestação de serviços,Custos com Serviços Prestados,Custos,"277,00 ",,,,,,,,,,,,,,
01/03/2025,19/03/2025,Locação de veículos,Custos com Serviços Prestados,Custos,"13,53 ",,,,,,,,,,,,,,
01/03/2025,20/03/2025,Hotel prestação de serviços,Custos com Serviços Prestados,Custos,"570,00 ",,,,,,,,,,,,,,
01/03/2025,20/03/2025,Sistemas ADM,Despesas Administrativas,Despesas Operacionais,"546,60 ",,,,,,,,,,,,,,
01/03/2025,20/03/2025,Faxina do escritório,Despesas Administrativas,Despesas Operacionais,"500,00 ",,,,,,,,,,,,,,
01/03/2025,21/03/2025,Outros investimentos em bens materiais,Investimentos em Bens Materiais,Investimentos,"451,20 ",,,,,,,,,,,,,,
01/03/2025,21/03/2025,Outros investimentos em bens materiais,Investimentos em Bens Materiais,Investimentos,"763,11 ",,,,,,,,,,,,,,
01/03/2025,21/03/2025,Locação de veículos,Custos com Serviços Prestados,Custos,"555,15 ",,,,,,,,,,,,,,
01/03/2025,21/03/2025,Gasolina / Combustível-COM,Despesas Comerciais,Despesas Operacionais,"152,53 ",,,,,,,,,,,,,,
01/03/2025,21/03/2025,Ferramentas e aplicativos - Marketing,Despesas Marketing,Despesas Operacionais,"1.271,85 ",,,,,,,,,,,,,,
01/03/2025,21/03/2025,Anuncio marketing B2B,Despesas Marketing,Despesas Operacionais,"2.085,37 ",,,,,,,,,,,,,,
01/03/2025,21/03/2025,Treinamento e Desenvolvimento,Custos com Mão de Obra ,Custos,"623,56 ",,,,,,,,,,,,,,
01/03/2025,21/03/2025,Agências de markentig e Gestão de trafégo ,Despesas Marketing,Despesas Operacionais,"107,38 ",,,,,,,,,,,,,,
,21/03/2025,Manutenção escritório,Despesas Administrativas,Despesas Operacionais,"130,21 ",,,,,,,,,,,,,,
01/03/2025,21/03/2025,Alimentação prestação de serviços,Custos com Serviços Prestados,Custos,"44,99 ",,,,,,,,,,,,,,
01/03/2025,21/03/2025,Energia Elétrica,Despesas Administrativas,Despesas Operacionais,"41,47 ",,,,,,,,,,,,,,
01/03/2025,21/03/2025,Energia Elétrica,Despesas Administrativas,Despesas Operacionais,"83,15 ",,,,,,,,,,,,,,
01/03/2025,21/03/2025,Telefone e Internet ,Despesas Administrativas,Despesas Operacionais,"142,72 ",,,,,,,,,,,,,,
01/03/2025,21/03/2025,Sistemas ADM,Despesas Administrativas,Despesas Operacionais,"260,00 ",,,,,,,,,,,,,,
01/03/2025,21/03/2025,Contabilidade,Despesas Administrativas,Despesas Operacionais,"319,59 ",,,,,,,,,,,,,,
01/03/2025,21/03/2025,Simples Nacional,Deduções da receita,Deduções,"6.823,11 ",,,,,,,,,,,,,,
01/03/2025,21/03/2025,Aluguel e Condomínio,Despesas Administrativas,Despesas Operacionais,"1.877,74 ",,,,,,,,,,,,,,
01/03/2025,24/03/2025,Seguros,Despesas Administrativas,Despesas Operacionais,"88,71 ",,,,,,,,,,,,,,
01/03/2025,24/03/2025,Materiais para treinamentos,Custos com Serviços Prestados,Custos,"782,35 ",,,,,,,,,,,,,,
01/03/2025,24/03/2025,Passagem aérea,Custos com Serviços Prestados,Custos,"2.214,91 ",,,,,,,,,,,,,,
01/03/2025,24/03/2025,Locação de veículos,Custos com Serviços Prestados,Custos,"502,38 ",,,,,,,,,,,,,,
01/03/2025,24/03/2025,Alimentação prestação de serviços,Custos com Serviços Prestados,Custos,"214,97 ",,,,,,,,,,,,,,
01/03/2025,24/03/2025,Materiais para treinamentos,Custos com Serviços Prestados,Custos,"94,30 ",,,,,,,,,,,,,,
01/03/2025,24/03/2025,Agências de markentig e Gestão de trafégo ,Despesas Marketing,Despesas Operacionais,"978,47 ",,,,,,,,,,,,,,
01/03/2025,24/03/2025,Materiais para treinamentos,Custos com Serviços Prestados,Custos,"218,55 ",,,,,,,,,,,,,,
01/03/2025,24/03/2025,Marketing B2B para clientes,Receita,Receita,"2.996,00 ",,,,,,,,,,,,,,
01/03/2025,24/03/2025,Parcelamento Simples ,Deduções da receita,Deduções,"323,46 ",,,,,,,,,,,,,,
01/03/2025,25/03/2025,Gasolina / Combustível-COM,Despesas Comerciais,Despesas Operacionais,"150,00 ",,,,,,,,,,,,,,
01/03/2025,25/03/2025,Alimentação prestação de serviços,Custos com Serviços Prestados,Custos,"247,80 ",,,,,,,,,,,,,,
01/03/2025,25/03/2025,Estacionamento / Pedágios-COM,Despesas Comerciais,Despesas Operacionais,"16,40 ",,,,,,,,,,,,,,
01/03/2025,25/03/2025,Locação de veículos,Custos com Serviços Prestados,Custos,"250,00 ",,,,,,,,,,,,,,
01/03/2025,26/03/2025,Locação de veículos,Custos com Serviços Prestados,Custos,"5,00 ",,,,,,,,,,,,,,
01/03/2025,26/03/2025,Comissão parceiros - Rolamentos,Custos com Serviços Prestados,Custos,"12.000,00 ",,,,,,,,,,,,,,
01/03/2025,26/03/2025,Alimentação prestação de serviços,Custos com Serviços Prestados,Custos,"366,07 ",,,,,,,,,,,,,,
01/03/2025,26/03/2025,Gasolina / Combustível-COM,Despesas Comerciais,Despesas Operacionais,"925,14 ",,,,,,,,,,,,,,
01/03/2025,26/03/2025,Estacionamento / Pedágios-COM,Despesas Comerciais,Despesas Operacionais,"302,01 ",,,,,,,,,,,,,,
01/03/2025,26/03/2025,Outros Custos,,,"281,90 ",,,,,,,,,,,,,,
01/03/2025,26/03/2025,Hotel prestação de serviços,Custos com Serviços Prestados,Custos,"572,50 ",,,,,,,,,,,,,,
01/03/2025,26/03/2025,Treinamentos e consultorias Contratos antigos,Receita,Receita,"54.018,12 ",,,,,,,,,,,,,,
01/03/2025,02/03/2025,Marketing B2B para clientes,Receita,Receita,"2.500,00 ",,,,,,,,,,,,,,
01/03/2025,31/03/2025,Locação de veículos,Custos com Serviços Prestados,Custos,"1.055,97 ",,,,,,,,,,,,,,
01/03/2025,31/03/2025,Hotel prestação de serviços,Custos com Serviços Prestados,Custos,"2.320,00 ",,,,,,,,,,,,,,
01/03/2025,31/03/2025,Vale Alimentação-ADM,Despesas com Pessoal,Despesas Operacionais,"3.200,00 ",,,,,,,,,,,,,,
01/03/2025,27/03/2025,Locação de veículos,Custos com Serviços Prestados,Custos,"223,69 ",,,,,,,,,,,,,,
01/03/2025,28/03/2025,Simples Nacional,Deduções da receita,Deduções,"14.964,34 ",,,,,,,,,,,,,,
01/03/2025,31/03/2025,Alimentação prestação de serviços,Custos com Serviços Prestados,Custos,"18,00 ",,,,,,,,,,,,,,
01/04/2025,01/04/2025,Salário,Custos com Mão de Obra ,Custos,"8.100,08 ",,,,,,,,,,,,,,
01/04/2025,01/04/2025,Salário-ADM,Despesas com Pessoal,Despesas Operacionais,"9.236,59 ",,,,,,,,,,,,,,
01/04/2025,01/04/2025,Pró-Labore,Custos com Mão de Obra ,Custos,"10.800,00 ",,,,,,,,,,,,,,/
01/04/2025,01/04/2025,Pró-Labore-ADM,Despesas com Pessoal,Despesas Operacionais,"16.200,00 ",,,,,,,,,,,,,,
01/04/2025,01/04/2025,Gasolina / Combustível-COM,Despesas Comerciais,Despesas Operacionais,"120,00 ",,,,,,,,,,,,,,
01/04/2025,02/04/2025,Alimentação prestação de serviços,Custos com Serviços Prestados,Custos,"88,82 ",,,,,,,,,,,,,,
01/04/2025,02/04/2025,Estacionamento / Pedágios-COM,Despesas Comerciais,Despesas Operacionais,"46,00 ",,,,,,,,,,,,,,
01/04/2025,02/04/2025,Passagem aérea,Custos com Serviços Prestados,Custos,"545,72 ",,,,,,,,,,,,,,
,02/04/2025,Gasolina / Combustível-COM,Despesas Comerciais,Despesas Operacionais,"274,44 ",,,,,,,,,,,,,,
01/04/2025,02/04/2025,Locação de veículos,Custos com Serviços Prestados,Custos,"475,96 ",,,,,,,,,,,,,,
01/04/2025,02/04/2025,Materiais para treinamentos,Custos com Serviços Prestados,Custos,"74,93 ",,,,,,,,,,,,,,
01/04/2025,02/04/2025,Alimentação prestação de serviços,Custos com Serviços Prestados,Custos,"57,00 ",,,,,,,,,,,,,,
01/04/2025,02/04/2025,Tarifas Bancárias,Despesas Financeiras,Despesas Operacionais,"159,00 ",,,,,,,,,,,,,,
01/04/2025,02/04/2025,Juros Bancários e por Atraso,Saídas não Operacionais,Movimentações Não Operacionais,"119,71 ",,,,,,,,,,,,,,
01/04/2025,02/04/2025,IOF,Despesas Financeiras,Despesas Operacionais,"142,72 ",,,,,,,,,,,,,,
01/04/2025,03/04/2025,Tarifas de Cartão ,Despesas Financeiras,Despesas Operacionais,"178,66 ",,,,,,,,,,,,,,
01/04/2025,03/04/2025,Liberação de acessos para alunos,Outras Despesas,Despesas Operacionais,"8,80 ",,,,,,,,,,,,,,
01/04/2025,03/04/2025,Alimentação prestação de serviços,Custos com Serviços Prestados,Custos,"145,70 ",,,,,,,,,,,,,,
01/04/2025,03/04/2025,Gasolina / Combustível-COM,Despesas Comerciais,Despesas Operacionais,"494,07 ",,,,,,,,,,,,,,
01/04/2025,03/04/2025,Materiais de Expediente/Escritório,Despesas Administrativas,Despesas Operacionais,"388,46 ",,,,,,,,,,,,,,
01/04/2025,03/04/2025,Passagem aérea,Custos com Serviços Prestados,Custos,"620,78 ",,,,,,,,,,,,,,
01/04/2025,03/04/2025,Locação de veículos,Custos com Serviços Prestados,Custos,"148,53 ",,,,,,,,,,,,,,
01/04/2025,03/04/2025,Tarifas de Cartão ,Despesas Financeiras,Despesas Operacionais,"6,91 ",,,,,,,,,,,,,,
01/04/2025,03/04/2025,Hotel prestação de serviços,Custos com Serviços Prestados,Custos,"982,00 ",,,,,,,,,,,,,,
01/04/2025,03/04/2025,Alimentação Escritório,Custos com Mão de Obra ,Custos,"1.393,00 ",,,,,,,,,,,,,,
01/04/2025,03/04/2025,Realização Eventos,Despesas Marketing,Despesas Operacionais,"296,46 ",,,,,,,,,,,,,,
01/04/2025,03/04/2025,Vendas Cursos pelo o comercial,Receita,Receita,"500,00 ",,,,,,,,,,,,,,
01/04/2025,03/04/2025,Telefone e Internet ,Despesas Administrativas,Despesas Operacionais,"315,73 ",,,,,,,,,,,,,,
01/04/2025,03/04/2025,Comissão Otávio,Custos com Serviços Prestados,Custos,"150,78 ",,,,,,,,,,,,,,
01/04/2025,04/04/2025,Marketing B2B para clientes,Receita,Receita,"5.494,50 ",,,,,,,,,,,,,,
01/04/2025,04/04/2025,Giro Pronampe,Saídas não Operacionais,Movimentações Não Operacionais,"550,15 ",,,,,,,,,,,,,,
01/04/2025,04/04/2025,Uniformes e EPIs,Despesas com Pessoal,Despesas Operacionais,"90,00 ",,,,,,,,,,,,,,
01/04/2025,07/04/2025,Gasolina / Combustível-COM,Despesas Comerciais,Despesas Operacionais,"149,06 ",,,,,,,,,,,,,,
01/04/2025,07/04/2025,Alimentação prestação de serviços,Custos com Serviços Prestados,Custos,"51,00 ",,,,,,,,,,,,,,
01/04/2025,07/04/2025,Giro Pronampe,Saídas não Operacionais,Movimentações Não Operacionais,"1.811,12 ",,,,,,,,,,,,,,
01/04/2025,08/04/2025,Consultoria Financeira,Despesas Administrativas,Despesas Operacionais,"1.200,00 ",,,,,,,,,,,,,,
01/04/2025,08/04/2025,Materiais para treinamentos,Custos com Serviços Prestados,Custos,"1.201,93 ",,,,,,,,,,,,,,
01/04/2025,08/04/2025,Faxina do escritório,Despesas Administrativas,Despesas Operacionais,"500,00 ",,,,,,,,,,,,,,
01/04/2025,08/04/2025,Vendas Cursos pelo o comercial,Receita,Receita,"1.700,00 ",,,,,,,,,,,,,,
01/04/2025,08/04/2025,Manutenção Máquinas e Equipamentos-ADM,Despesas Administrativas,Despesas Operacionais,"130,00 ",,,,,,,,,,,,,,
01/04/2025,08/04/2025,Comissão Junior,Custos com Serviços Prestados,Custos,"372,74 ",,,,,,,,,,,,,,
01/04/2025,09/04/2025,Vendas Cursos pelo o comercial,Receita,Receita,"162,44 ",,,,,,,,,,,,,,
01/04/2025,09/04/2025,Materiais para treinamentos,Custos com Serviços Prestados,Custos,"39,40 ",,,,,,,,,,,,,,
01/04/2025,09/04/2025,Locação de veículos,Custos com Serviços Prestados,Custos,"20,08 ",,,,,,,,,,,,,,
01/04/2025,09/04/2025,Comissão parceiros ,Custos com Serviços Prestados,Custos,"1.200,00 ",,,,,,,,,,,,,,
01/04/2025,10/04/2025,Seguros,Despesas Administrativas,Despesas Operacionais,"253,89 ",,,,,,,,,,,,,,
01/04/2025,10/04/2025,Locação de veículos,Custos com Serviços Prestados,Custos,"25,00 ",,,,,,,,,,,,,,
01/04/2025,10/04/2025,Treinamentos e consultorias B2B,Receita,Receita,"37.000,00 ",,,,,,,,,,,,,,
01/04/2025,10/04/2025,Juros Bancários e por Atraso,Saídas não Operacionais,Movimentações Não Operacionais,"2.593,82 ",,,,,,,,,,,,,,
01/04/2025,10/04/2025,Hotel prestação de serviços,Custos com Serviços Prestados,Custos,"168,00 ",,,,,,,,,,,,,,
01/04/2025,10/04/2025,Tarifas Bancárias,Despesas Financeiras,Despesas Operacionais,"74,25 ",,,,,,,,,,,,,,
01/04/2025,11/04/2025,Hotel prestação de serviços,Custos com Serviços Prestados,Custos,"229,00 ",,,,,,,,,,,,,,
01/04/2025,11/04/2025,Locação de veículos,Custos com Serviços Prestados,Custos,"77,32 ",,,,,,,,,,,,,,
01/04/2025,11/04/2025,Marketing B2B para clientes,Receita,Receita,"2.900,00 ",,,,,,,,,,,,,,
01/04/2025,11/04/2025,Comissão Closer,Custos com Serviços Prestados,Custos,"409,56 ",,,,,,,,,,,,,,
01/04/2025,11/04/2025,Férias,Custos com Mão de Obra ,Custos,"1.666,68 ",,,,,,,,,,,,,,
01/04/2025,14/04/2025,Comissão SDR,Custos com Serviços Prestados,Custos,"800,00 ",,,,,,,,,,,,,,
01/04/2025,14/04/2025,Empréstimos/Financiamentos obtidos,Entradas não Operacionais,Movimentações Não Operacionais,"2.000,00 ",,,,,,,,,,,,,,
01/04/2025,16/04/2025,Outros investimentos em bens materiais,Investimentos em Bens Materiais,Investimentos,"1.418,65 ",,,,,,,,,,,,,,
01/04/2025,16/04/2025,Ferramentas e aplicativos - Marketing,Despesas Marketing,Despesas Operacionais,"743,29 ",,,,,,,,,,,,,,
01/04/2025,16/04/2025,Alimentação prestação de serviços,Custos com Serviços Prestados,Custos,"181,60 ",,,,,,,,,,,,,,
01/04/2025,16/04/2025,Anuncio marketing B2B,Despesas Marketing,Despesas Operacionais,"1.683,47 ",,,,,,,,,,,,,,
01/04/2025,16/04/2025,Gasolina / Combustível-COM,Despesas Comerciais,Despesas Operacionais,"495,40 ",,,,,,,,,,,,,,
01/04/2025,16/04/2025,Agências de markentig e Gestão de trafégo ,Despesas Marketing,Despesas Operacionais,"107,38 ",,,,,,,,,,,,,,
01/04/2025,16/04/2025,Locação de veículos,Custos com Serviços Prestados,Custos,"1.102,02 ",,,,,,,,,,,,,,
01/04/2025,16/04/2025,Treinamento e Desenvolvimento,Custos com Mão de Obra ,Custos,"722,56 ",,,,,,,,,,,,,,
01/04/2025,22/04/2025,Vendas Cursos pelo o comercial,Receita,Receita,"1.500,00 ",,,,,,,,,,,,,,
01/04/2025,22/04/2025,Serviços de Terceiros,Custos com Serviços Prestados,Custos,"14.452,00 ",,,,,,,,,,,,,,
01/04/2025,22/04/2025,Hotel prestação de serviços,Custos com Serviços Prestados,Custos,"925,00 ",,,,,,,,,,,,,,
01/04/2025,22/04/2025,Serviços de Terceiros,Custos com Serviços Prestados,Custos,"1.000,00 ",,,,,,,,,,,,,,
01/04/2025,22/04/2025,Materiais de Expediente/Escritório,Despesas Administrativas,Despesas Operacionais,"42,74 ",,,,,,,,,,,,,,
01/04/2025,22/04/2025,Vendas Cursos pelo o comercial,Receita,Receita,"2.806,00 ",,,,,,,,,,,,,,
01/04/2025,22/04/2025,Treinamentos e consultorias B2B,Receita,Receita,"27.855,00 ",,,,,,,,,,,,,,
01/04/2025,22/04/2025,Contabilidade,Despesas Administrativas,Despesas Operacionais,"319,59 ",,,,,,,,,,,,,,
01/04/2025,22/04/2025,Sistemas ADM,Despesas Administrativas,Despesas Operacionais,"260,61 ",,,,,,,,,,,,,,
01/04/2025,22/04/2025,Sistemas ADM,Despesas Administrativas,Despesas Operacionais,"546,96 ",,,,,,,,,,,,,,
01/04/2025,22/04/2025,Telefone e Internet ,Despesas Administrativas,Despesas Operacionais,"139,90 ",,,,,,,,,,,,,,
01/04/2025,22/04/2025,Convênio Medico-ADM,Despesas com Pessoal,Despesas Operacionais,"1.750,06 ",,,,,,,,,,,,,,
01/04/2025,22/04/2025,Serviços de Terceiros,Custos com Serviços Prestados,Custos,"400,00 ",,,,,,,,,,,,,,
01/04/2025,22/04/2025,Pagamento de Empréstimos,Saídas não Operacionais,Movimentações Não Operacionais,"2.300,00 ",,,,,,,,,,,,,,
01/04/2025,22/04/2025,Empréstimos/Financiamentos obtidos,Entradas não Operacionais,Movimentações Não Operacionais,"25.000,00 ",,,,,,,,,,,,,,
01/04/2025,22/04/2025,Vendas Cursos pelo o comercial,Receita,Receita,"350,00 ",,,,,,,,,,,,,,
01/04/2025,23/04/2025,Gasolina / Combustível-COM,Despesas Comerciais,Despesas Operacionais,"412,09 ",,,,,,,,,,,,,,
01/04/2025,23/04/2025,Estacionamento / Pedágios-COM,Despesas Comerciais,Despesas Operacionais,"70,10 ",,,,,,,,,,,,,,
01/04/2025,23/04/2025,Alimentação prestação de serviços,Custos com Serviços Prestados,Custos,"197,91 ",,,,,,,,,,,,,,
01/04/2025,23/04/2025,Locação de veículos,Custos com Serviços Prestados,Custos,"200,31 ",,,,,,,,,,,,,,
01/04/2025,23/04/2025,Comissão parceiros ,Custos com Serviços Prestados,Custos,"1.000,00 ",,,,,,,,,,,,,,
01/04/2025,23/04/2025,Vendas Cursos pelo o comercial,Receita,Receita,"300,00 ",,,,,,,,,,,,,,
01/04/2025,24/04/2025,Materiais para treinamentos,Custos com Serviços Prestados,Custos,"204,00 ",,,,,,,,,,,,,,
01/04/2025,24/04/2025,Locação de veículos,Custos com Serviços Prestados,Custos,"117,46 ",,,,,,,,,,,,,,
01/04/2025,24/04/2025,Giro Pronampe,Saídas não Operacionais,Movimentações Não Operacionais,"2.782,89 ",,,,,,,,,,,,,,
01/04/2025,24/04/2025,Seguros,Despesas Administrativas,Despesas Operacionais,"88,71 ",,,,,,,,,,,,,,
01/04/2025,25/04/2025,Materiais para treinamentos,Custos com Serviços Prestados,Custos,"70,00 ",,,,,,,,,,,,,,
01/04/2025,25/04/2025,Aluguel e Condomínio,Despesas Administrativas,Despesas Operacionais,"1.877,74 ",,,,,,,,,,,,,,
01/04/2025,25/04/2025,Treinamento e Desenvolvimento,Custos com Mão de Obra ,Custos,"2.553,00 ",,,,,,,,,,,,,,
01/04/2025,25/04/2025,Materiais de Expediente/Escritório,Despesas Administrativas,Despesas Operacionais,"60,00 ",,,,,,,,,,,,,,
01/04/2025,29/04/2025,Confraternização,Despesas com Pessoal,Despesas Operacionais,"328,55 ",,,,,,,,,,,,,,
01/04/2025,30/04/2025,Vendas Cursos pelo o comercial,Receita,Receita,"280,00 ",,,,,,,,,,,,,,
01/04/2025,30/04/2025,Vale Alimentação-ADM,Despesas com Pessoal,Despesas Operacionais,"3.200,00 ",,,,,,,,,,,,,,
01/04/2025,30/04/2025,Marketing B2B para clientes,Receita,Receita,"2.500,00 ",,,,,,,,,,,,,,
01/04/2025,30/04/2025,Vendas Cursos pelo o comercial,Receita,Receita,"380,00 ",,,,,,,,,,,,,,
01/04/2025,29/04/2025,Liberação de acessos para alunos,Outras Despesas,Despesas Operacionais,"91,10 ",,,,,,,,,,,,,,
01/04/2025,29/04/2025,Alimentação prestação de serviços,Custos com Serviços Prestados,Custos,"656,59 ",,,,,,,,,,,,,,
01/04/2025,29/04/2025,Outros investimentos em bens materiais,Investimentos em Bens Materiais,Investimentos,"213,93 ",,,,,,,,,,,,,,
01/04/2025,29/04/2025,Alimentação prestação de serviços,Custos com Serviços Prestados,Custos,"362,52 ",,,,,,,,,,,,,,
01/04/2025,29/04/2025,Passagem aérea,Custos com Serviços Prestados,Custos,"1.215,36 ",,,,,,,,,,,,,,
01/04/2025,29/04/2025,Locação de veículos,Custos com Serviços Prestados,Custos,"285,18 ",,,,,,,,,,,,,,
01/04/2025,29/04/2025,Gasolina / Combustível-COM,Despesas Comerciais,Despesas Operacionais,"250,14 ",,,,,,,,,,,,,,
01/04/2025,29/04/2025,Tarifas de Cartão ,Despesas Financeiras,Despesas Operacionais,"10,37 ",,,,,,,,,,,,,,
01/04/2025,30/04/2025,Outras receitas,Receita,Receita,"664,20 ",,,,,,,,,,,,,,
01/04/2025,30/04/2025,Materiais para treinamentos,Custos com Serviços Prestados,Custos,"92,30 ",,,,,,,,,,,,,,
01/04/2025,30/04/2025,Locação de veículos,Custos com Serviços Prestados,Custos,"207,00 ",,,,,,,,,,,,,,
01/04/2025,30/04/2025,Alimentação prestação de serviços,Custos com Serviços Prestados,Custos,"60,00 ",,,,,,,,,,,,,,
01/04/2025,30/04/2025,Outros custos de serviços prestados,Custos com Serviços Prestados,Custos,"82,10 ",,,,,,,,,,,,,,
01/04/2025,30/04/2025,Gasolina / Combustível-COM,Despesas Comerciais,Despesas Operacionais,"71,26 ",,,,,,,,,,,,,,
01/04/2025,30/04/2025,Hotel prestação de serviços,Custos com Serviços Prestados,Custos,"180,00 ",,,,,,,,,,,,,,
01/04/2025,30/04/2025,Hotel prestação de serviços,Custos com Serviços Prestados,Custos,"928,00 ",,,,,,,,,,,,,,
01/04/2025,30/04/2025,Outros investimentos em bens materiais,Investimentos em Bens Materiais,Investimentos,"410,14 ",,,,,,,,,,,,,,
01/04/2025,30/04/2025,Passagem aérea,Custos com Serviços Prestados,Custos,"1.276,12 ",,,,,,,,,,,,,,
01/04/2025,30/04/2025,Locação de veículos,Custos com Serviços Prestados,Custos,"390,52 ","Cartão Itau somente 2500,00",,,,,,,,,,,,,
01/04/2025,30/04/2025,Tarifas de Cartão ,Despesas Financeiras,Despesas Operacionais,"4,91 ",,,,,,,,,,,,,,
01/04/2025,30/04/2025,Ferramentas e aplicativos - Marketing,Despesas Marketing,Despesas Operacionais,"396,72 ",,,,,,,,,,,,,,
01/05/2025,02/05/2025,Salário,Custos com Mão de Obra ,Custos,"8.112,81 ",,,,,,,,,,,,,,
01/05/2025,02/05/2025,Salário-ADM,Despesas com Pessoal,Despesas Operacionais,"8.925,31 ",,,,,,,,,,,,,,
01/05/2025,02/05/2025,Hotel prestação de serviços,Custos com Serviços Prestados,Custos,"312,31 ",,,,,,,,,,,,,,
01/05/2025,05/05/2025,Tarifas Bancárias,Despesas Financeiras,Despesas Operacionais,"159,00 ",,,,,,,,,,,,,,
01/05/2025,05/05/2025,Telefone e Internet ,Despesas Administrativas,Despesas Operacionais,"315,73 ",,,,,,,,,,,,,,
01/05/2025,05/05/2025,IOF,Despesas Financeiras,Despesas Operacionais,"276,00 ",,,,,,,,,,,,,,
01/05/2025,05/05/2025,Tarifas de Cartão ,Despesas Financeiras,Despesas Operacionais,"214,61 ",,,,,,,,,,,,,,
01/05/2025,05/05/2025,Materiais de Expediente/Escritório,Despesas Administrativas,Despesas Operacionais,"50,26 ",,,,,,,,,,,,,,
01/05/2025,05/05/2025,Giro Pronampe,Saídas não Operacionais,Movimentações Não Operacionais,"1.842,61 ",,,,,,,,,,,,,,
01/05/2025,06/05/2025,Marketing B2B para clientes,Receita,Receita,"5.494,50 ",,,,,,,,,,,,,,
01/05/2025,06/05/2025,Giro Pronampe,Saídas não Operacionais,Movimentações Não Operacionais,"359,08 ",,,,,,,,,,,,,,
01/05/2025,07/05/2025,Outras receitas,Receita,Receita,"3,52 ",,,,,,,,,,,,,,
01/05/2025,07/05/2025,Vendas Cursos pelo o comercial,Receita,Receita,"1.590,00 ",,,,,,,,,,,,,,
01/05/2025,07/05/2025,Simples Nacional,Deduções da receita,Deduções,"47.561,69 ",,,,,,,,,,,,,,
01/05/2025,07/05/2025,IRRF-ADM,Despesas com Pessoal,Despesas Operacionais,"7.781,65 ",,,,,,,,,,,,,,
01/05/2025,07/05/2025,Parcelamento Simples ,Deduções da receita,Deduções,"401,76 ",,,,,,,,,,,,,,
01/05/2025,07/05/2025,Parcelamento Simples ,Deduções da receita,Deduções,"401,76 ",,,,,,,,,,,,,,
01/05/2025,07/05/2025,Pagamento de Empréstimos,Saídas não Operacionais,Movimentações Não Operacionais,"25.834,00 ",,,,,,,,,,,,,,
01/05/2025,07/05/2025,Pró-Labore,Custos com Mão de Obra ,Custos,"12.000,00 ",,,,,,,,,,,,,,
01/05/2025,07/05/2025,Pró-Labore-ADM,Despesas com Pessoal,Despesas Operacionais,"18.000,00 ",,,,,,,,,,,,,,
01/05/2025,07/05/2025,Consultoria Financeira,Despesas Administrativas,Despesas Operacionais,"1.200,00 ",,,,,,,,,,,,,,
01/05/2025,07/05/2025,Outros investimentos em bens materiais,Investimentos em Bens Materiais,Investimentos,"636,58 ",,,,,,,,,,,,,,
01/05/2025,07/05/2025,Alimentação prestação de serviços,Custos com Serviços Prestados,Custos,"551,25 ",,,,,,,,,,,,,,
01/05/2025,07/05/2025,Gasolina / Combustível-COM,Despesas Comerciais,Despesas Operacionais,"282,91 ",,,,,,,,,,,,,,
01/05/2025,07/05/2025,Anuncio marketing B2B,Despesas Marketing,Despesas Operacionais,"765,51 ",,,,,,,,,,,,,,
01/05/2025,07/05/2025,Estacionamento / Pedágios-COM,Despesas Comerciais,Despesas Operacionais,"50,00 ",,,,,,,,,,,,,,
01/05/2025,07/05/2025,Hotel prestação de serviços,Custos com Serviços Prestados,Custos,"483,00 ",,,,,,,,,,,,,,
01/05/2025,07/05/2025,Locação de veículos,Custos com Serviços Prestados,Custos,"1.519,63 ",,,,,,,,,,,,,,
01/05/2025,07/05/2025,Ferramentas e aplicativos - Marketing,Despesas Marketing,Despesas Operacionais,"530,89 ",,,,,,,,,,,,,,
01/05/2025,07/05/2025,Treinamentos e consultorias B2B,Receita,Receita,"15.555,00 ",,,,,,,,,,,,,,
01/05/2025,07/05/2025,Alimentação Escritório,Custos com Mão de Obra ,Custos,"13,00 ",,,,,,,,,,,,,,
01/05/2025,07/05/2025,Materiais para treinamentos,Custos com Serviços Prestados,Custos,"989,80 ",,,,,,,,,,,,,,
01/05/2025,07/05/2025,Alimentação Escritório,Custos com Mão de Obra ,Custos,"961,00 ",,,,,,,,,,,,,,
01/05/2025,07/05/2025,Materiais de Expediente/Escritório,Despesas Administrativas,Despesas Operacionais,"22,90 ",,,,,,,,,,,,,,
01/05/2025,07/05/2025,Passagem aérea,Custos com Serviços Prestados,Custos,"2.239,43 ",,,,,,,,,,,,,,
01/05/2025,07/05/2025,Locação de veículos,Custos com Serviços Prestados,Custos,"1.182,24 ",,,,,,,,,,,,,,
01/05/2025,07/05/2025,Alimentação prestação de serviços,Custos com Serviços Prestados,Custos,"905,31 ",,,,,,,,,,,,,,
01/05/2025,07/05/2025,Hotel prestação de serviços,Custos com Serviços Prestados,Custos,"919,06 ",,,,,,,,,,,,,,
01/05/2025,07/05/2025,Treinamento e Desenvolvimento,Custos com Mão de Obra ,Custos,"2.162,32 ",,,,,,,,,,,,,,
01/05/2025,07/05/2025,Estacionamento / Pedágios-COM,Despesas Comerciais,Despesas Operacionais,"160,00 ",,,,,,,,,,,,,,
01/05/2025,07/05/2025,Locação de veículos,Custos com Serviços Prestados,Custos,"197,91 ",,,,,,,,,,,,,,
01/05/2025,07/05/2025,Gasolina / Combustível-COM,Despesas Comerciais,Despesas Operacionais,"816,94 ",,,,,,,,,,,,,,
01/05/2025,07/05/2025,Juros e Multas Financeiras,Despesas Financeiras,Despesas Operacionais,"41,95 ",,,,,,,,,,,,,,
01/05/2025,07/05/2025,Treinamentos e consultorias Contratos antigos,Receita,Receita,"197.478,98 ",,,,,,,,,,,,,,
01/05/2025,07/05/2025,Comissão parceiros - Rolamentos,Custos com Serviços Prestados,Custos,"16.249,36 ",,,,,,,,,,,,,,
01/05/2025,12/05/2025,Locação de veículos,Custos com Serviços Prestados,Custos,"1.168,72 ",,,,,,,,,,,,,,
01/05/2025,08/05/2025,Hotel prestação de serviços,Custos com Serviços Prestados,Custos,"720,00 ",,,,,,,,,,,,,,
01/05/2025,12/05/2025,Seguros,Despesas Administrativas,Despesas Operacionais,"253,89 ",,,,,,,,,,,,,,
01/05/2025,12/05/2025,Comissão Junior,Custos com Serviços Prestados,Custos,"11.395,18 ",,,,,,,,,,,,,,
01/05/2025,12/05/2025,Alimentação prestação de serviços,Custos com Serviços Prestados,Custos,"103,86 ",,,,,,,,,,,,,,
01/05/2025,12/05/2025,Locação de veículos,Custos com Serviços Prestados,Custos,"600,00 ",,,,,,,,,,,,,,
01/05/2025,12/05/2025,Faxina do escritório,Despesas Administrativas,Despesas Operacionais,"500,00 ",,,,,,,,,,,,,,
01/05/2025,12/05/2025,Tarifas Bancárias,Despesas Financeiras,Despesas Operacionais,"2.730,16 ",,,,,,,,,,,,,,
01/05/2025,12/05/2025,Juros Bancários e por Atraso,Saídas não Operacionais,Movimentações Não Operacionais,"99,00 ",,,,,,,,,,,,,,
01/05/2025,12/05/2025,Água,Despesas Administrativas,Despesas Operacionais,"240,03 ",,,,,,,,,,,,,,
01/05/2025,15/05/2025,Materiais para treinamentos,Custos com Serviços Prestados,Custos,"76,50 ",,,,,,,,,,,,,,
01/05/2025,15/05/2025,Alimentação prestação de serviços,Custos com Serviços Prestados,Custos,"27,00 ",,,,,,,,,,,,,,
01/05/2025,15/05/2025,Salário-ADM,Despesas com Pessoal,Despesas Operacionais,"200,00 ",,,,,,,,,,,,,,
01/05/2025,15/05/2025,Materiais para treinamentos,Custos com Serviços Prestados,Custos,"50,00 ",,,,,,,,,,,,,,
01/05/2025,16/05/2025,Alimentação prestação de serviços,Custos com Serviços Prestados,Custos,"99,04 ",,,,,,,,,,,,,,
01/05/2025,16/05/2025,Estacionamento / Pedágios-COM,Despesas Comerciais,Despesas Operacionais,"160,00 ",,,,,,,,,,,,,,
01/05/2025,16/05/2025,Comissão SDR,Custos com Serviços Prestados,Custos,"560,00 ",,,,,,,,,,,,,,
01/05/2025,16/05/2025,Alimentação prestação de serviços,Custos com Serviços Prestados,Custos,"12,70 ",,,,,,,,,,,,,,
01/05/2025,16/05/2025,Gasolina / Combustível-COM,Despesas Comerciais,Despesas Operacionais,"150,59 ",,,,,,,,,,,,,,
01/05/2025,16/05/2025,Alimentação prestação de serviços,Custos com Serviços Prestados,Custos,"52,00 ",,,,,,,,,,,,,,
01/05/2025,16/05/2025,Despesas de Viagens-COM,Despesas Comerciais,Despesas Operacionais,"150,00 ",,,,,,,,,,,,,,
01/05/2025,16/05/2025,Alimentação prestação de serviços,Custos com Serviços Prestados,Custos,"19,00 ",,,,,,,,,,,,,,
01/05/2025,16/05/2025,Sistemas ADM,Despesas Administrativas,Despesas Operacionais,"546,42 ",,,,,,,,,,,,,,
01/05/2025,16/05/2025,Convênio Medico-ADM,Despesas com Pessoal,Despesas Operacionais,"1.914,25 ",,,,,,,,,,,,,,
01/05/2025,16/05/2025,Contabilidade,Despesas Administrativas,Despesas Operacionais,"319,59 ",,,,,,,,,,,,,,
01/05/2025,16/05/2025,Materiais para treinamentos,Custos com Serviços Prestados,Custos,"436,25 ",,,,,,,,,,,,,,
01/05/2025,16/05/2025,Treinamento e Desenvolvimento,Custos com Mão de Obra ,Custos,"925,83 ",,,,,,,,,,,,,,
01/05/2025,16/05/2025,Ferramentas e aplicativos - Marketing,Despesas Marketing,Despesas Operacionais,"1.083,21 ",,,,,,,,,,,,,,
01/05/2025,16/05/2025,Locação de veículos,Custos com Serviços Prestados,Custos,"972,15 ",,,,,,,,,,,,,,
01/05/2025,16/05/2025,Reformas / Estrutura,Investimentos em Bens Materiais,Investimentos,"130,16 ",,,,,,,,,,,,,,
01/05/2025,16/05/2025,Materiais de Expediente/Escritório,Despesas Administrativas,Despesas Operacionais,"171,22 ",,,,,,,,,,,,,,
01/05/2025,16/05/2025,Serviços de Terceiros,Custos com Serviços Prestados,Custos,"107,38 ",,,,,,,,,,,,,,
01/05/2025,16/05/2025,Estacionamento / Pedágios-COM,Despesas Comerciais,Despesas Operacionais,"25,40 ",,,,,,,,,,,,,,
01/05/2025,16/05/2025,Anuncio marketing B2B,Despesas Marketing,Despesas Operacionais,"1.245,95 ",,,,,,,,,,,,,,
01/05/2025,19/05/2025,Telefone e Internet ,Despesas Administrativas,Despesas Operacionais,"139,90 ",,,,,,,,,,,,,,
01/05/2025,19/05/2025,Sistemas ADM,Despesas Administrativas,Despesas Operacionais,"260,00 ",,,,,,,,,,,,,,
01/05/2025,19/05/2025,Materiais de Expediente/Escritório,Despesas Administrativas,Despesas Operacionais,"27,00 ",,,,,,,,,,,,,,
01/05/2025,19/05/2025,Vendas Cursos pelo o comercial,Receita,Receita,"350,00 ",,,,,,,,,,,,,,
01/05/2025,19/05/2025,Aluguel e Condomínio,Despesas Administrativas,Despesas Operacionais,"1.877,74 ",,,,,,,,,,,,,,
01/05/2025,20/05/2025,Materiais para treinamentos,Custos com Serviços Prestados,Custos,"651,00 ",,,,,,,,,,,,,,
01/05/2025,21/05/2025,Materiais para treinamentos,Custos com Serviços Prestados,Custos,"154,50 ",,,,,,,,,,,,,,
01/05/2025,22/05/2025,Manutenção escritório,Despesas Administrativas,Despesas Operacionais,"100,00 ",,,,,,,,,,,,,,
01/05/2025,23/05/2025,Treinamentos e consultorias Contratos antigos,Receita,Receita,"26.700,00 ",,,,,,,,,,,,,,
01/05/2025,23/05/2025,Alimentação Escritório,Custos com Mão de Obra ,Custos,"13,00 ",,,,,,,,,,,,,,
01/05/2025,23/05/2025,Contabilidade,Despesas Administrativas,Despesas Operacionais,"179,00 ",,,,,,,,,,,,,,
01/05/2025,23/05/2025,FGTS,Custos com Mão de Obra ,Custos,"5.560,02 ",,,,,,,,,,,,,,
01/05/2025,23/05/2025,Locação de veículos,Custos com Serviços Prestados,Custos,"480,00 ",,,,,,,,,,,,,,
01/05/2025,23/05/2025,Hotel prestação de serviços,Custos com Serviços Prestados,Custos,"213,00 ",,,,,,,,,,,,,,
01/05/2025,23/05/2025,Patrocínios,Despesas Marketing,Despesas Operacionais,"1.150,00 ",,,,,,,,,,,,,,
01/05/2025,26/05/2025,Gasolina / Combustível-COM,Despesas Comerciais,Despesas Operacionais,"100,00 ",,,,,,,,,,,,,,
01/05/2025,26/05/2025,Alimentação prestação de serviços,Custos com Serviços Prestados,Custos,"49,00 ",,,,,,,,,,,,,,
01/05/2025,26/05/2025,Marketing B2B para clientes,Receita,Receita,"2.998,00 ",,,,,,,,,,,,,,
01/05/2025,26/05/2025,Seguros,Despesas Administrativas,Despesas Operacionais,"88,71 ",,,,,,,,,,,,,,
01/05/2025,26/05/2025,Giro Pronampe,Saídas não Operacionais,Movimentações Não Operacionais,"2.814,24 ",,,,,,,,,,,,,,
01/05/2025,26/05/2025,Tarifas de Cartão ,Despesas Financeiras,Despesas Operacionais,"355,91 ",,,,,,,,,,,,,,
01/05/2025,26/05/2025,Alimentação prestação de serviços,Custos com Serviços Prestados,Custos,"278,50 ",,,,,,,,,,,,,,
01/05/2025,26/05/2025,Locação de veículos,Custos com Serviços Prestados,Custos,"536,40 ",,,,,,,,,,,,,,
01/05/2025,26/05/2025,Materiais para treinamentos,Custos com Serviços Prestados,Custos,"70,00 ",,,,,,,,,,,,,,
01/05/2025,26/05/2025,Gasolina / Combustível-COM,Despesas Comerciais,Despesas Operacionais,"195,00 ",,,,,,,,,,,,,,
01/05/2025,26/05/2025,Passagem aérea,Custos com Serviços Prestados,Custos,"2.058,77 ",,,,,,,,,,,,,,
01/05/2025,26/05/2025,Materiais para treinamentos,Custos com Serviços Prestados,Custos,"848,10 ",,,,,,,,,,,,,,
01/05/2025,26/05/2025,Brindes,Despesas Comerciais,Despesas Operacionais,"75,90 ",,,,,,,,,,,,,,
01/05/2025,26/05/2025,Manutenção Máquinas e Equipamentos-ADM,Despesas Administrativas,Despesas Operacionais,"270,00 ",,,,,,,,,,,,,,
01/05/2025,26/05/2025,Tarifas de Cartão ,Despesas Financeiras,Despesas Operacionais,"3,45 ",,,,,,,,,,,,,,
01/05/2025,27/05/2025,Outras despesas Comerciais,Despesas Comerciais,Despesas Operacionais,"207,49 ",,,,,,,,,,,,,,
01/05/2025,27/05/2025,Comissão SDR,Custos com Serviços Prestados,Custos,"400,50 ",,,,,,,,,,,,,,
01/05/2025,27/05/2025,Comissão Closer,Custos com Serviços Prestados,Custos,"400,50 ",,,,,,,,,,,,,,
01/05/2025,28/05/2025,Treinamentos e consultorias B2B,Receita,Receita,"7.300,00 ",,,,,,,,,,,,,,
01/05/2025,28/05/2025,Marketing B2B para clientes,Receita,Receita,"2.500,00 ",,,,,,,,,,,,,,
01/05/2025,29/05/2025,Materiais de Expediente/Escritório,Despesas Administrativas,Despesas Operacionais,"155,00 ",,,,,,,,,,,,,,
01/05/2025,29/05/2025,Brindes,Despesas Comerciais,Despesas Operacionais,"48,65 ",,,,,,,,,,,,,,
01/05/2025,29/05/2025,Vale Alimentação-ADM,Despesas com Pessoal,Despesas Operacionais,"3.200,00 ",,,,,,,,,,,,,,
01/06/2025,02/06/2025,Pró-Labore-ADM,Despesas com Pessoal,Despesas Operacionais,"8.000,00 ",,,,,,,,,,,,,,
01/06/2025,02/06/2025,Pró-Labore,Custos com Mão de Obra ,Custos,"12.000,00 ",,,,,,,,,,,,,,
01/06/2025,02/06/2025,Salário,Custos com Mão de Obra ,Custos,"8.112,81 ",,,,,,,,,,,,,,
01/06/2025,02/06/2025,Salário-ADM,Despesas com Pessoal,Despesas Operacionais,"8.835,03 ",,,,,,,,,,,,,,
01/06/2025,02/06/2025,Manutenção Máquinas e Equipamentos-ADM,Despesas Administrativas,Despesas Operacionais,"186,15 ",,,,,,,,,,,,,,
01/06/2025,02/06/2025,Passagem aérea,Custos com Serviços Prestados,Custos,"814,68 ",,,,,,,,,,,,,,
01/06/2025,02/06/2025,IOF,Despesas Financeiras,Despesas Operacionais,"17,66 ",,,,,,,,,,,,,,
01/06/2025,02/06/2025,Locação de veículos,Custos com Serviços Prestados,Custos,"1.473,51 ",,,,,,,,,,,,,,
01/06/2025,02/06/2025,Alimentação prestação de serviços,Custos com Serviços Prestados,Custos,"277,54 ",,,,,,,,,,,,,,
01/06/2025,02/06/2025,Gasolina / Combustível-COM,Despesas Comerciais,Despesas Operacionais,"372,72 ",,,,,,,,,,,,,,
01/06/2025,02/06/2025,Hotel prestação de serviços,Custos com Serviços Prestados,Custos,"360,00 ",,,,,,,,,,,,,,
01/06/2025,02/06/2025,Ferramentas e aplicativos - Marketing,Despesas Marketing,Despesas Operacionais,"649,60 ",,,,,,,,,,,,,,
01/06/2025,02/06/2025,Ferramentas e aplicativos - Marketing,Despesas Marketing,Despesas Operacionais,"519,68 ",,,,,,,,,,,,,,
01/06/2025,02/06/2025,Juros e Multas Financeiras,Despesas Financeiras,Despesas Operacionais,"150,00 ",,,,,,,,,,,,,,
01/06/2025,02/06/2025,Anuncio marketing B2B,Despesas Marketing,Despesas Operacionais,"503,83 ",,,,,,,,,,,,,,
,02/06/2025,Outros entradas não operacionais,Entradas não Operacionais,Movimentações Não Operacionais,"0,16 ",,,,,,,,,,,,,,
01/06/2025,03/06/2025,Alimentação Escritório,Custos com Mão de Obra ,Custos,"1.172,00 ",,,,,,,,,,,,,,
01/06/2025,03/06/2025,Confraternização,Despesas com Pessoal,Despesas Operacionais,"223,00 ",,,,,,,,,,,,,,
01/06/2025,03/06/2025,Materiais de Expediente/Escritório,Despesas Administrativas,Despesas Operacionais,"9,80 ",,,,,,,,,,,,,,
01/06/2025,03/06/2025,IOF,Despesas Financeiras,Despesas Operacionais,"77,16 ",,,,,,,,,,,,,,
01/06/2025,03/06/2025,Vendas Cursos pelo o comercial,Receita,Receita,"1.800,00 ",,,,,,,,,,,,,,
01/06/2025,03/06/2025,Telefone e Internet ,Despesas Administrativas,Despesas Operacionais,"315,73 ",,,,,,,,,,,,,,
01/06/2025,03/06/2025,Tarifas Bancárias,Despesas Financeiras,Despesas Operacionais,"159,00 ",,,,,,,,,,,,,,
01/06/2025,03/06/2025,Liberação de acessos para alunos,Outras Despesas,Despesas Operacionais,"35,10 ",,,,,,,,,,,,,,
01/06/2025,04/06/2025,Giro Pronampe,Saídas não Operacionais,Movimentações Não Operacionais,"545,87 ",,,,,,,,,,,,,,
01/06/2025,05/06/2025,Treinamentos e consultorias Contratos antigos,Receita,Receita,"297,00 ",,,,,,,,,,,,,,
01/06/2025,05/06/2025,Materiais para treinamentos,Custos com Serviços Prestados,Custos,"298,54 ",,,,,,,,,,,,,,
01/06/2025,05/06/2025,Marketing B2B para clientes,Receita,Receita,"5.494,50 ",,,,,,,,,,,,,,
01/06/2025,05/06/2025,Confraternização,Despesas com Pessoal,Despesas Operacionais,"58,88 ",,,,,,,,,,,,,,
01/06/2025,05/06/2025,Giro Pronampe,Saídas não Operacionais,Movimentações Não Operacionais,"1.784,25 ",,,,,,,,,,,,,,
01/06/2025,05/06/2025,Confraternização,Despesas com Pessoal,Despesas Operacionais,"172,00 ",,,,,,,,,,,,,,
01/06/2025,06/06/2025,Hotel prestação de serviços,Custos com Serviços Prestados,Custos,"660,00 ",,,,,,,,,,,,,,
01/06/2025,06/06/2025,Estacionamento / Pedágios-COM,Despesas Comerciais,Despesas Operacionais,"32,00 ",,,,,,,,,,,,,,
01/06/2025,06/06/2025,Materiais de Expediente/Escritório,Despesas Administrativas,Despesas Operacionais,"35,00 ",,,,,,,,,,,,,,
01/06/2025,06/06/2025,Empréstimos/Financiamentos obtidos,Entradas não Operacionais,Movimentações Não Operacionais,"10.000,00 ",,,,,,,,,,,,,,
01/06/2025,06/06/2025,Serviços de Terceiros,Custos com Serviços Prestados,Custos,"7.880,39 ",,,,,,,,,,,,,,
01/06/2025,06/06/2025,Comissão parceiros ,Custos com Serviços Prestados,Custos,"4.550,00 ",,,,,,,,,,,,,,
01/06/2025,09/06/2025,Locação de veículos,Custos com Serviços Prestados,Custos,"8,10 ",,,,,,,,,,,,,,
01/06/2025,10/06/2025,Locação de veículos,Custos com Serviços Prestados,Custos,"315,56 ",,,,,,,,,,,,,,
01/06/2025,10/06/2025,Alimentação prestação de serviços,Custos com Serviços Prestados,Custos,"213,65 ",,,,,,,,,,,,,,
01/06/2025,10/06/2025,Materiais de Expediente/Escritório,Despesas Administrativas,Despesas Operacionais,"111,73 ",,,,,,,,,,,,,,
01/06/2025,10/06/2025,Tarifas Bancárias,Despesas Financeiras,Despesas Operacionais,"1.414,03 ",,,,,,,,,,,,,,
01/06/2025,10/06/2025,Convênio Medico-ADM,Despesas com Pessoal,Despesas Operacionais,"1.717,67 ",,,,,,,,,,,,,,
01/06/2025,10/06/2025,Seguros,Despesas Administrativas,Despesas Operacionais,"253,89 ",,,,,,,,,,,,,,
01/06/2025,11/06/2025,Vendas Cursos pelo o comercial,Receita,Receita,"1.900,00 ",,,,,,,,,,,,,,
01/06/2025,12/06/2025,Pró-Labore-ADM,Despesas com Pessoal,Despesas Operacionais,"500,00 ",,,,,,,,,,,,,,
01/06/2025,13/06/2025,Consultoria Financeira,Despesas Administrativas,Despesas Operacionais,"1.200,00 ",,,,,,,,,,,,,,
01/06/2025,13/06/2025,Comissão SDR,Custos com Serviços Prestados,Custos,"1.160,00 ",,,,,,,,,,,,,,
01/06/2025,16/06/2025,Treinamentos e consultorias B2B,Receita,Receita,"10.000,00 ",,,,,,,,,,,,,,
01/06/2025,16/06/2025,Materiais de Expediente/Escritório,Despesas Administrativas,Despesas Operacionais,"13,00 ",,,,,,,,,,,,,,
01/06/2025,16/06/2025,Faxina do escritório,Despesas Administrativas,Despesas Operacionais,"500,00 ",,,,,,,,,,,,,,
01/06/2025,16/06/2025,Vendas Cursos pelo o comercial,Receita,Receita,"897,30 ",,,,,,,,,,,,,,
01/06/2025,16/06/2025,Vendas Cursos pelo o comercial,Receita,Receita,"1.095,00 ",,,,,,,,,,,,,,
01/06/2025,16/06/2025,Sistemas ADM,Despesas Administrativas,Despesas Operacionais,"546,96 ",,,,,,,,,,,,,,
01/06/2025,16/06/2025,Comissão Closer,Custos com Serviços Prestados,Custos,"567,30 ",,,,,,,,,,,,,,
01/06/2025,16/06/2025,Pró-Labore-ADM,Despesas com Pessoal,Despesas Operacionais,"4.000,00 ",,,,,,,,,,,,,,
01/06/2025,16/06/2025,Ferramentas e aplicativos - Marketing,Despesas Marketing,Despesas Operacionais,"1.444,47 ",,,,,,,,,,,,,,
01/06/2025,16/06/2025,Locação de veículos,Custos com Serviços Prestados,Custos,"793,03 ",,,,,,,,,,,,,,
01/06/2025,16/06/2025,Treinamento e Desenvolvimento,Custos com Mão de Obra ,Custos,"420,29 ",,,,,,,,,,,,,,
01/06/2025,16/06/2025,Serviços de Terceiros,Custos com Serviços Prestados,Custos,"107,38 ",,,,,,,,,,,,,,
01/06/2025,16/06/2025,Materiais de Expediente/Escritório,Despesas Administrativas,Despesas Operacionais,"171,21 ",,,,,,,,,,,,,,
01/06/2025,16/06/2025,Reformas / Estrutura,Investimentos em Bens Materiais,Investimentos,"130,16 ",,,,,,,,,,,,,,
,16/06/2025,Alimentação prestação de serviços,Custos com Serviços Prestados,Custos,"185,00 ",,,,,,,,,,,,,,
01/06/2025,16/06/2025,Materiais para treinamentos,Custos com Serviços Prestados,Custos,"364,55 ",,,,,,,,,,,,,,
01/06/2025,16/06/2025,Anuncio marketing B2B,Despesas Marketing,Despesas Operacionais,"388,11 ",,,,,,,,,,,,,,
,16/06/2025,Vendas Cursos pelo o comercial,Receita,Receita,"320,00 ",,,,,,,,,,,,,,
01/06/2025,16/06/2025,Tarifas Bancárias,Despesas Financeiras,Despesas Operacionais,"35,61 ",,,,,,,,,,,,,,
01/06/2025,17/06/2025,Sistemas ADM,Despesas Administrativas,Despesas Operacionais,"260,26 ",,,,,,,,,,,,,,
01/06/2025,17/06/2025,FGTS,Custos com Mão de Obra ,Custos,"3.596,45 ",,,,,,,,,,,,,,
01/06/2025,17/06/2025,Alimentação prestação de serviços,Custos com Serviços Prestados,Custos,"69,95 ",,,,,,,,,,,,,,
01/06/2025,17/06/2025,Locação de veículos,Custos com Serviços Prestados,Custos,"52,35 ",,,,,,,,,,,,,,
,17/06/2025,Tarifas de Cartão ,Despesas Financeiras,Despesas Operacionais,"174,38 ",,,,,,,,,,,,,,
,17/06/2025,IOF,Despesas Financeiras,Despesas Operacionais,"21,83 ",,,,,,,,,,,,,,
,17/06/2025,Locação de veículos,Custos com Serviços Prestados,Custos,"988,12 ",,,,,,,,,,,,,,
,17/06/2025,Passagem aérea,Custos com Serviços Prestados,Custos,"3.125,27 ",,,,,,,,,,,,,,
,17/06/2025,Hotel prestação de serviços,Custos com Serviços Prestados,Custos,"576,05 ",,,,,,,,,,,,,,
,17/06/2025,Treinamento e Desenvolvimento,Custos com Mão de Obra ,Custos,"2.083,08 ",,,,,,,,,,,,,,
,17/06/2025,Materiais de Expediente/Escritório,Despesas Administrativas,Despesas Operacionais,"388,53 ",,,,,,,,,,,,,,
,17/06/2025,Anuncio marketing B2B,Despesas Marketing,Despesas Operacionais,"1.284,99 ",cartão C6,,,,,,,,,,,,,
,17/06/2025,Alimentação prestação de serviços,Custos com Serviços Prestados,Custos,"112,30 ",,,,,,,,,,,,,,
,17/06/2025,Gasolina / Combustível-COM,Despesas Comerciais,Despesas Operacionais,"167,52 ",,,,,,,,,,,,,,
,17/06/2025,Liberação de acessos para alunos,Outras Despesas,Despesas Operacionais,"3,90 ",,,,,,,,,,,,,,
,17/06/2025,Materiais de Expediente/Escritório,Despesas Administrativas,Despesas Operacionais,"44,90 ",,,,,,,,,,,,,,
,17/06/2025,Licenças de softwares,Despesas Administrativas,Despesas Operacionais,"75,19 ",,,,,,,,,,,,,,
,17/06/2025,Materiais para treinamentos,Custos com Serviços Prestados,Custos,"10,00 ",,,,,,,,,,,,,,
,17/06/2025,Materiais para treinamentos,Custos com Serviços Prestados,Custos,"45,85 ",,,,,,,,,,,,,,
,,,,,,,,,,,,,,,,,,,
01/06/2025,18/06/2025,Outros entradas não operacionais,Entradas não Operacionais,Movimentações Não Operacionais,"234,40 ",Redimentos,,,,,,,,,,,,,
01/06/2025,18/06/2025,Outros entradas não operacionais,Entradas não Operacionais,Movimentações Não Operacionais,"854,10 ",,,,,,,,,,,,,,
,,,,,,,,,,,,,,,,,,,
01/06/2025,17/06/2025,Tarifas Bancárias,Despesas Financeiras,Despesas Operacionais,"1,21 ",,,,,,,,,,,,,,
,20/06/2025,Pró-Labore-ADM,Despesas com Pessoal,Despesas Operacionais,"5.500,00 ",,,,,,,,,,,,,,
01/06/2025,23/06/2025,Contabilidade,Despesas Administrativas,Despesas Operacionais,"319,59 ",,,,,,,,,,,,,,
01/06/2025,25/06/2025,Seguros,Despesas Administrativas,Despesas Operacionais,"88,71 ",,,,,,,,,,,,,,
01/06/2025,25/06/2025,Materiais para treinamentos,Custos com Serviços Prestados,Custos,"197,20 ",,,,,,,,,,,,,,
01/06/2025,25/06/2025,Treinamentos e consultorias Contratos antigos,Receita,Receita,"53.067,56 ",,,,,,,,,,,,,,
01/06/2025,25/06/2025,Giro Pronampe,Saídas não Operacionais,Movimentações Não Operacionais,"2.843,37 ",,,,,,,,,,,,,,
,25/06/2025,Alimentação prestação de serviços,Custos com Serviços Prestados,Custos,"225,08 ",,,,,,,,,,,,,,
,25/06/2025,Outros investimentos em bens materiais,Investimentos em Bens Materiais,Investimentos,"186,97 ",,,,,,,,,,,,,,
,25/06/2025,Alimentação prestação de serviços,Custos com Serviços Prestados,Custos,"173,65 ",,,,,,,,,,,,,,
,25/06/2025,Materiais para treinamentos,Custos com Serviços Prestados,Custos,"70,74 ",,,,,,,,,,,,,,
,25/06/2025,Liberação de acessos para alunos,Outras Despesas,Despesas Operacionais,"4,90 ",,,,,,,,,,,,,,
,25/06/2025,Alimentação prestação de serviços,Custos com Serviços Prestados,Custos,"99,29 ",,,,,,,,,,,,,,
,25/06/2025,Gasolina / Combustível-COM,Despesas Comerciais,Despesas Operacionais,"155,00 ",,,,,,,,,,,,,,
,25/06/2025,Alimentação prestação de serviços,Custos com Serviços Prestados,Custos,"171,09 ",,,,,,,,,,,,,,
,25/06/2025,Alimentação prestação de serviços,Custos com Serviços Prestados,Custos,"64,27 ",,,,,,,,,,,,,,
,25/06/2025,Passagem aérea,Custos com Serviços Prestados,Custos,"1.237,98 ",,,,,,,,,,,,,,
,25/06/2025,Outros investimentos em bens materiais,Investimentos em Bens Materiais,Investimentos,"194,38 ",,,,,,,,,,,,,,
,25/06/2025,Outros investimentos em bens materiais,Investimentos em Bens Materiais,Investimentos,"104,94 ",,,,,,,,,,,,,,
,25/06/2025,Locação de veículos,Custos com Serviços Prestados,Custos,"424,40 ",,,,,,,,,,,,,,
01/06/2025,25/06/2025,Juros e Multas Financeiras,Despesas Financeiras,Despesas Operacionais,"58,29 ",,,,,,,,,,,,,,
01/06/2025,25/06/2025,Telefone e Internet ,Despesas Administrativas,Despesas Operacionais,"142,84 ",,,,,,,,,,,,,,
01/06/2025,25/06/2025,Aluguel e Condomínio,Despesas Administrativas,Despesas Operacionais,"1.877,74 ",,,,,,,,,,,,,,
01/06/2025,25/06/2025,Parcelamento Simples ,Deduções da receita,Deduções,"811,12 ",,,,,,,,,,,,,,
01/06/2025,26/06/2025,FGTS,Custos com Mão de Obra ,Custos,"1.708,01 ",,,,,,,,,,,,,,
01/06/2025,26/06/2025,Comissão parceiros - Rolamentos,Custos com Serviços Prestados,Custos,"10.000,00 ",,,,,,,,,,,,,,
01/06/2025,26/06/2025,Uniformes e EPIs,Despesas com Pessoal,Despesas Operacionais,"90,00 ",,,,,,,,,,,,,,
01/06/2025,26/06/2025,Comissão parceiros - Rolamentos,Custos com Serviços Prestados,Custos,"2.997,93 ",,,,,,,,,,,,,,
01/06/2025,26/06/2025,Tarifas Bancárias,Despesas Financeiras,Despesas Operacionais,"11,00 ",,,,,,,,,,,,,,
01/06/2025,27/06/2025,Patrocínios,Despesas Marketing,Despesas Operacionais,"1.150,00 ",,,,,,,,,,,,,,
01/06/2025,27/06/2025,Tarifas Bancárias,Despesas Financeiras,Despesas Operacionais,"10,00 ",,,,,,,,,,,,,,
01/06/2025,30/06/2025,Hotel prestação de serviços,Custos com Serviços Prestados,Custos,"855,00 ",,,,,,,,,,,,,,
01/06/2025,30/06/2025,Locação de veículos,Custos com Serviços Prestados,Custos,"300,00 ",,,,,,,,,,,,,,
01/06/2025,30/06/2025,Materiais para treinamentos,Custos com Serviços Prestados,Custos,"135,00 ",,,,,,,,,,,,,,
01/06/2025,30/06/2025,Alimentação prestação de serviços,Custos com Serviços Prestados,Custos,"50,00 ",,,,,,,,,,,,,,
01/06/2025,30/06/2025,Alimentação prestação de serviços,Custos com Serviços Prestados,Custos,"10,00 ",,,,,,,,,,,,,,
01/06/2025,30/06/2025,Locação de veículos,Custos com Serviços Prestados,Custos,"300,00 ",,,,,,,,,,,,,,
01/06/2025,30/06/2025,Marketing B2B para clientes,Receita,Receita,"2.500,00 ",,,,,,,,,,,,,,
01/06/2025,30/06/2025,Vendas Cursos pelo o comercial,Receita,Receita,"497,00 ",,,,,,,,,,,,,,
01/06/2025,30/06/2025,Marketing B2B para clientes,Receita,Receita,"2.998,00 ",,,,,,,,,,,,,,
01/06/2025,30/06/2025,Vale Alimentação-ADM,Despesas com Pessoal,Despesas Operacionais,"3.200,00 ",,,,,,,,,,,,,,
01/06/2025,30/06/2025,Tarifas Bancárias,Despesas Financeiras,Despesas Operacionais,"4,95 ",,,,,,,,,,,,,,
01/06/2025,30/06/2025,Materiais para treinamentos,Custos com Serviços Prestados,Custos,"862,50 ",,,,,,,,,,,,,,
01/06/2025,30/06/2025,Passagem aérea,Custos com Serviços Prestados,Custos,"336,27 ",,,,,,,,,,,,,,
01/06/2025,30/06/2025,Hotel prestação de serviços,Custos com Serviços Prestados,Custos,"330,00 ",,,,,,,,,,,,,,
01/06/2025,30/06/2025,Materiais para treinamentos,Custos com Serviços Prestados,Custos,"178,90 ",,,,,,,,,,,,,,
01/06/2025,30/06/2025,Outros investimentos em bens materiais,Investimentos em Bens Materiais,Investimentos,"186,15 ",,,,,,,,,,,,,,
01/06/2025,30/06/2025,IOF,Despesas Financeiras,Despesas Operacionais,"22,34 ",Cartão Itaú,,,,,,,,,,,,,
01/06/2025,30/06/2025,Licenças de softwares,Despesas Administrativas,Despesas Operacionais,"685,47 ",,,,,,,,,,,,,,
01/06/2025,30/06/2025,Anuncio marketing B2B,Despesas Marketing,Despesas Operacionais,"1.817,24 ",,,,,,,,,,,,,,
01/06/2025,30/06/2025,Liberação de acessos para alunos,Outras Despesas,Despesas Operacionais,"3,90 ",,,,,,,,,,,,,,
01/06/2025,30/06/2025,Locação de veículos,Custos com Serviços Prestados,Custos,"47,95 ",,,,,,,,,,,,,,
01/06/2025,30/06/2025,Alimentação prestação de serviços,Custos com Serviços Prestados,Custos,"70,59 ",,,,,,,,,,,,,,
01/06/2025,30/06/2025,Licenças de softwares,Despesas Administrativas,Despesas Operacionais,"641,30 ",,,,,,,,,,,,,,
01/06/2025,30/06/2025,Tarifas Bancárias,Despesas Financeiras,Despesas Operacionais,"20,50 ",,,,,,,,,,,,,,
01/07/2025,01/07/2025,Confraternização,Despesas com Pessoal,Despesas Operacionais,"295,10 ",,,,,,,,,,,,,,
01/07/2025,01/07/2025,Hotel prestação de serviços,Custos com Serviços Prestados,Custos,"374,00 ",,,,,,,,,,,,,,
01/07/2025,01/07/2025,Água,Despesas Administrativas,Despesas Operacionais,"46,00 ",,,,,,,,,,,,,,
01/07/2025,01/07/2025,Salário,Custos com Mão de Obra ,Custos,"8.112,81 ",,,,,,,,,,,,,,
01/07/2025,01/07/2025,Salário-ADM,Despesas com Pessoal,Despesas Operacionais,"9.841,14 ",,,,,,,,,,,,,,
01/07/2025,01/07/2025,Pró-Labore,Custos com Mão de Obra ,Custos,"6.000,00 ",,,,,,,,,,,,,,
01/07/2025,02/07/2025,IOF,Despesas Financeiras,Despesas Operacionais,"439,63 ",,,,,,,,,,,,,,
01/07/2025,02/07/2025,Tarifas Bancárias,Despesas Financeiras,Despesas Operacionais,"83,40 ",,,,,,,,,,,,,,
01/07/2025,04/07/2025,Marketing B2B para clientes,Receita,Receita,"5.494,50 ",,,,,,,,,,,,,,
01/07/2025,04/07/2025,Materiais para treinamentos,Custos com Serviços Prestados,Custos,"375,00 ",,,,,,,,,,,,,,
01/07/2025,04/07/2025,Consultoria Financeira,Despesas Administrativas,Despesas Operacionais,"1.200,00 ",,,,,,,,,,,,,,
01/07/2025,04/07/2025,Giro Pronampe,Saídas não Operacionais,Movimentações Não Operacionais,"533,03 ",,,,,,,,,,,,,,
01/07/2025,07/07/2025,Materiais para treinamentos,Custos com Serviços Prestados,Custos,"74,41 ",,,,,,,,,,,,,,
01/07/2025,07/07/2025,Faxina do escritório,Despesas Administrativas,Despesas Operacionais,"512,00 ",,,,,,,,,,,,,,
01/07/2025,07/07/2025,Liberação de acessos para alunos,Outras Despesas,Despesas Operacionais,"14,00 ",,,,,,,,,,,,,,
01/07/2025,07/07/2025,Materiais para treinamentos,Custos com Serviços Prestados,Custos,"1.369,70 ",,,,,,,,,,,,,,
01/07/2025,07/07/2025,Giro Pronampe,Saídas não Operacionais,Movimentações Não Operacionais,"1.726,29 ",,,,,,,,,,,,,,
01/07/2025,08/07/2025,Vendas Cursos pelo o comercial,Receita,Receita,"161,00 ",,,,,,,,,,,,,,
01/07/2025,08/07/2025,Vendas Cursos pelo o comercial,Receita,Receita,"857,00 ",,,,,,,,,,,,,,
01/07/2025,08/07/2025,Treinamentos e consultorias Contratos antigos,Receita,Receita,"1.590,00 ",,,,,,,,,,,,,,
01/07/2025,08/07/2025,Tarifas Bancárias,Despesas Financeiras,Despesas Operacionais,"159,00 ",,,,,,,,,,,,,,
01/07/2025,09/07/2025,Alimentação Escritório,Custos com Mão de Obra ,Custos,"1.508,00 ",,,,,,,,,,,,,,
01/07/2025,09/07/2025,Liberação de acessos para alunos,Outras Despesas,Despesas Operacionais,"35,10 ",,,,,,,,,,,,,,
01/07/2025,10/07/2025,Tarifas de Cartão ,Despesas Financeiras,Despesas Operacionais,"74,25 ",,,,,,,,,,,,,,
01/07/2025,10/07/2025,Seguros,Despesas Administrativas,Despesas Operacionais,"253,89 ",,,,,,,,,,,,,,
01/07/2025,10/07/2025,Juros Bancários e por Atraso,Saídas não Operacionais,Movimentações Não Operacionais,"4.789,43 ",,,,,,,,,,,,,,
01/07/2025,11/07/2025,IOF,Despesas Financeiras,Despesas Operacionais,"13,43 ",,,,,,,,,,,,,,
01/07/2025,11/07/2025,Reembolso,Despesas Administrativas,Despesas Operacionais,"400,00 ",,,,,,,,,,,,,,
01/07/2025,11/07/2025,Uniformes e EPIs,Despesas com Pessoal,Despesas Operacionais,"90,00 ",,,,,,,,,,,,,,
01/07/2025,14/07/2025,Locação de veículos,Custos com Serviços Prestados,Custos,"883,79 ",,,,,,,,,,,,,,
01/07/2025,14/07/2025,Vendas Cursos pelo o comercial,Receita,Receita,"890,00 ",,,,,,,,,,,,,,
01/07/2025,15/07/2025,Outras receitas,Receita,Receita,"230,00 ",,,,,,,,,,,,,,
01/07/2025,15/07/2025,Comissão SDR,Custos com Serviços Prestados,Custos,"600,00 ",,,,,,,,,,,,,,
01/07/2025,15/07/2025,Comissão Closer,Custos com Serviços Prestados,Custos,"91,66 ",,,,,,,,,,,,,,
01/07/2025,15/07/2025,Tarifas Bancárias,Despesas Financeiras,Despesas Operacionais,"6,94 ",,,,,,,,,,,,,,
01/07/2025,15/07/2025,Vendas Cursos pelo o comercial,Receita,Receita,"864,30 ",,,,,,,,,,,,,,
01/07/2025,16/07/2025,Treinamentos e consultorias Contratos antigos,Receita,Receita,"26.700,00 ",,,,,,,,,,,,,,
01/07/2025,16/07/2025,Vendas Cursos pelo o comercial,Receita,Receita,"67,00 ",,,,,,,,,,,,,,
01/07/2025,16/07/2025,Hotel prestação de serviços,Custos com Serviços Prestados,Custos,"911,81 ",,,,,,,,,,,,,,
01/07/2025,16/07/2025,Convênio Medico-ADM,Despesas com Pessoal,Despesas Operacionais,"1.901,10 ",,,,,,,,,,,,,,
01/07/2025,16/07/2025,Sistemas ADM,Despesas Administrativas,Despesas Operacionais,"535,00 ",,,,,,,,,,,,,,
01/07/2025,16/07/2025,Telefone e Internet ,Despesas Administrativas,Despesas Operacionais,"315,73 ",,,,,,,,,,,,,,
01/07/2025,16/07/2025,Sistemas ADM,Despesas Administrativas,Despesas Operacionais,"273,79 ",,,,,,,,,,,,,,
01/07/2025,16/07/2025,Locação de veículos,Custos com Serviços Prestados,Custos,"175,00 ",,,,,,,,,,,,,,
01/07/2025,16/07/2025,Alimentação prestação de serviços,Custos com Serviços Prestados,Custos,"69,00 ",,,,,,,,,,,,,,
01/07/2025,16/07/2025,Materiais para treinamentos,Custos com Serviços Prestados,Custos,"30,00 ",,,,,,,,,,,,,,
01/07/2025,16/07/2025,Materiais para treinamentos,Custos com Serviços Prestados,Custos,"70,00 ",,,,,,,,,,,,,,
01/07/2025,16/07/2025,Outros investimentos em bens materiais,Investimentos em Bens Materiais,Investimentos,"207,06 ",,,,,,,,,,,,,,
01/07/2025,16/07/2025,Treinamento e Desenvolvimento,Custos com Mão de Obra ,Custos,"208,08 ",,,,,,,,,,,,,,
01/07/2025,16/07/2025,Locação de veículos,Custos com Serviços Prestados,Custos,"996,61 ",,,,,,,,,,,,,,
01/07/2025,16/07/2025,Materiais de Expediente/Escritório,Despesas Administrativas,Despesas Operacionais,"445,49 ",,,,,,,,,,,,,,
01/07/2025,16/07/2025,Licenças de softwares,Despesas Administrativas,Despesas Operacionais,"71,65 ",,,,,,,,,,,,,,
01/07/2025,16/07/2025,Liberação de acessos para alunos,Outras Despesas,Despesas Operacionais,"14,90 ",,,,,,,,,,,,,,
01/07/2025,16/07/2025,Materiais para treinamentos,Custos com Serviços Prestados,Custos,"157,49 ",,,,,,,,,,,,,,
01/07/2025,16/07/2025,Serviços de Terceiros,Custos com Serviços Prestados,Custos,"107,38 ",,,,,,,,,,,,,,
01/07/2025,16/07/2025,Gasolina / Combustível-COM,Despesas Comerciais,Despesas Operacionais,"341,18 ",,,,,,,,,,,,,,
01/07/2025,16/07/2025,Alimentação prestação de serviços,Custos com Serviços Prestados,Custos,"94,56 ",,,,,,,,,,,,,,
,16/07/2025,Materiais para treinamentos,Custos com Serviços Prestados,Custos,"587,55 ",,,,,,,,,,,,,,
,16/07/2025,Materiais para treinamentos,Custos com Serviços Prestados,Custos,"466,88 ",,,,,,,,,,,,,,
01/07/2025,16/07/2025,Licenças de softwares,Despesas Administrativas,Despesas Operacionais,"868,52 ",,,,,,,,,,,,,,
01/07/2025,16/07/2025,Reformas / Estrutura,Investimentos em Bens Materiais,Investimentos,"130,16 ",,,,,,,,,,,,,,
,16/07/2025,Anuncio marketing B2B,Despesas Marketing,Despesas Operacionais,"374,99 ",,,,,,,,,,,,,,
01/07/2025,16/07/2025,Água,Despesas Administrativas,Despesas Operacionais,"90,00 ",,,,,,,,,,,,,,
01/07/2025,16/07/2025,Contabilidade,Despesas Administrativas,Despesas Operacionais,"319,59 ",,,,,,,,,,,,,,
01/07/2025,16/07/2025,Tarifas Bancárias,Despesas Financeiras,Despesas Operacionais,"15,42 ",,,,,,,,,,,,,,
01/07/2025,17/07/2025,Férias,Custos com Mão de Obra ,Custos,"1.151,82 ",,,,,,,,,,,,,,
01/07/2025,17/07/2025,Telefone e Internet ,Despesas Administrativas,Despesas Operacionais,"139,90 ",,,,,,,,,,,,,,
,17/07/2025,Pró-Labore-ADM,Despesas com Pessoal,Despesas Operacionais,"4.000,00 ",,,,,,,,,,,,,,
01/07/2025,17/07/2025,Pró-Labore,Custos com Mão de Obra ,Custos,"6.000,00 ",,,,,,,,,,,,,,
01/07/2025,17/07/2025,Tarifas Bancárias,Despesas Financeiras,Despesas Operacionais,"30,00 ",,,,,,,,,,,,,,
01/07/2025,17/07/2025,IOF,Despesas Financeiras,Despesas Operacionais,"19,29 ",,,,,,,,,,,,,,
01/07/2025,17/07/2025,Alimentação prestação de serviços,Custos com Serviços Prestados,Custos,"685,29 ",,,,,,,,,,,,,,
01/07/2025,17/07/2025,Gasolina / Combustível-COM,Despesas Comerciais,Despesas Operacionais,"858,15 ",,,,,,,,,,,,,,
01/07/2025,17/07/2025,Liberação de acessos para alunos,Outras Despesas,Despesas Operacionais,"19,50 ",,,,,,,,,,,,,,
01/07/2025,17/07/2025,Outros investimentos em bens materiais,Investimentos em Bens Materiais,Investimentos,"433,33 ",,,,,,,,,,,,,,
01/07/2025,17/07/2025,Reformas / Estrutura,Investimentos em Bens Materiais,Investimentos,"158,70 ",,,,,,,,,,,,,,
01/07/2025,17/07/2025,Materiais para treinamentos,Custos com Serviços Prestados,Custos,"69,90 ",,,,,,,,,,,,,,
01/07/2025,17/07/2025,Brindes,Despesas Comerciais,Despesas Operacionais,"43,00 ",,,,,,,,,,,,,,
01/07/2025,17/07/2025,Liberação de acessos para alunos,Outras Despesas,Despesas Operacionais,"3,00 ",,,,,,,,,,,,,,
01/07/2025,17/07/2025,Alimentação prestação de serviços,Custos com Serviços Prestados,Custos,"154,13 ",,,,,,,,,,,,,,
01/07/2025,17/07/2025,Hotel prestação de serviços,Custos com Serviços Prestados,Custos,"416,00 ",,,,,,,,,,,,,,
01/07/2025,17/07/2025,Outros investimentos em bens materiais,Investimentos em Bens Materiais,Investimentos,"433,92 ",,,,,,,,,,,,,,
01/07/2025,17/07/2025,Uniformes e EPIs,Despesas com Pessoal,Despesas Operacionais,"771,00 ",,,,,,,,,,,,,,
01/07/2025,17/07/2025,Tarifas de Cartão ,Despesas Financeiras,Despesas Operacionais,"3,45 ",,,,,,,,,,,,,,
01/07/2025,18/07/2025,Liberação de acessos para alunos,Outras Despesas,Despesas Operacionais,"16,80 ",,,,,,,,,,,,,,
01/07/2025,18/07/2025,Vendas Cursos pelo o comercial,Receita,Receita,"480,00 ",,,,,,,,,,,,,,
01/07/2025,21/07/2025,Materiais para treinamentos,Custos com Serviços Prestados,Custos,"30,00 ",,,,,,,,,,,,,,
01/07/2025,21/07/2025,Tarifas Bancárias,Despesas Financeiras,Despesas Operacionais,"1,00 ",,,,,,,,,,,,,,
01/07/2025,23/07/2025,Marketing B2B para clientes,Receita,Receita,"2.990,00 ",,,,,,,,,,,,,,
01/07/2025,23/07/2025,Treinamentos e consultorias B2B,Receita,Receita,"14.100,00 ",,,,,,,,,,,,,,
01/07/2025,24/07/2025,Seguros,Despesas Administrativas,Despesas Operacionais,"88,71 ",,,,,,,,,,,,,,
01/07/2025,24/07/2025,Giro Pronampe,Saídas não Operacionais,Movimentações Não Operacionais,"2.879,70 ",,,,,,,,,,,,,,
01/07/2025,28/07/2025,Gasolina / Combustível-COM,Despesas Comerciais,Despesas Operacionais,"392,71 ",,,,,,,,,,,,,,
01/07/2025,28/07/2025,Alimentação prestação de serviços,Custos com Serviços Prestados,Custos,"76,00 ",,,,,,,,,,,,,,
01/07/2025,28/07/2025,Locação de veículos,Custos com Serviços Prestados,Custos,"628,13 ",,,,,,,,,,,,,,
01/07/2025,28/07/2025,Passagem aérea,Custos com Serviços Prestados,Custos,"2.156,73 ",,,,,,,,,,,,,,
01/07/2025,28/07/2025,Hotel prestação de serviços,Custos com Serviços Prestados,Custos,"560,00 ",,,,,,,,,,,,,,
01/07/2025,28/07/2025,Alimentação prestação de serviços,Custos com Serviços Prestados,Custos,"63,90 ",,,,,,,,,,,,,,
01/07/2025,28/07/2025,Hotel prestação de serviços,Custos com Serviços Prestados,Custos,"667,27 ",,,,,,,,,,,,,,
01/07/2025,28/07/2025,Comissão parceiros ,Custos com Serviços Prestados,Custos,"800,00 ",,,,,,,,,,,,,,
01/07/2025,28/07/2025,Hotel prestação de serviços,Custos com Serviços Prestados,Custos,"339,82 ",,,,,,,,,,,,,,
01/07/2025,28/07/2025,Alimentação prestação de serviços,Custos com Serviços Prestados,Custos,"89,02 ",,,,,,,,,,,,,,
01/07/2025,28/07/2025,Parcelamento Simples ,Deduções da receita,Deduções,"409,24 ",,,,,,,,,,,,,,
01/07/2025,28/07/2025,Alimentação prestação de serviços,Custos com Serviços Prestados,Custos,"123,20 ",,,,,,,,,,,,,,
01/07/2025,28/07/2025,Tarifas Bancárias,Despesas Financeiras,Despesas Operacionais,"12,16 ",,,,,,,,,,,,,,
01/07/2025,28/07/2025,Marketing B2B para clientes,Receita,Receita,"2.500,00 ",,,,,,,,,,,,,,
01/07/2025,29/07/2025,Alimentação prestação de serviços,Custos com Serviços Prestados,Custos,"83,00 ",,,,,,,,,,,,,,
01/07/2025,29/07/2025,Alimentação prestação de serviços,Custos com Serviços Prestados,Custos,"160,42 ",,,,,,,,,,,,,,
01/07/2025,29/07/2025,Hotel prestação de serviços,Custos com Serviços Prestados,Custos,"315,00 ",,,,,,,,,,,,,,
01/07/2025,29/07/2025,Locação de veículos,Custos com Serviços Prestados,Custos,"3,72 ",,,,,,,,,,,,,,
01/07/2025,29/07/2025,Tarifas Bancárias,Despesas Financeiras,Despesas Operacionais,"1,00 ",,,,,,,,,,,,,,
01/07/2025,29/07/2025,Alimentação prestação de serviços,Custos com Serviços Prestados,Custos,"26,50 ",,,,,,,,,,,,,,
01/07/2025,30/07/2025,Estacionamento / Pedágios-COM,Despesas Comerciais,Despesas Operacionais,"226,00 ",,,,,,,,,,,,,,
01/07/2025,30/07/2025,Treinamentos e consultorias Contratos antigos,Receita,Receita,"52.338,46 ",,,,,,,,,,,,,,
01/07/2025,30/07/2025,Locação de veículos,Custos com Serviços Prestados,Custos,"35,66 ",,,,,,,,,,,,,,
01/07/2025,31/07/2025,Vale Alimentação-ADM,Despesas com Pessoal,Despesas Operacionais,"3.200,00 ",,,,,,,,,,,,,,
01/07/2025,31/07/2025,Materiais para treinamentos,Custos com Serviços Prestados,Custos,"1.593,00 ",,,,,,,,,,,,,,
01/07/2025,31/07/2025,Tarifas de Cartão ,Despesas Financeiras,Despesas Operacionais,"10,00 ",,,,,,,,,,,,,,
01/07/2025,31/07/2025,Locação de veículos,Custos com Serviços Prestados,Custos,"710,00 ",,,,,,,,,,,,,,
01/07/2025,31/07/2025,Pró-Labore-ADM,Despesas com Pessoal,Despesas Operacionais,"7.000,00 ",,,,,,,,,,,,,,
,01/08/2025,Alimentação prestação de serviços,Custos com Serviços Prestados,Custos,"110,00 ",,,,,,,,,,,,,,
,02/08/2025,Juros e Multas Financeiras,Despesas Financeiras,Despesas Operacionais,"263,48 ",,,,,,,,,,,,,,
01/08/2025,02/08/2025,Pró-Labore-ADM,Despesas com Pessoal,Despesas Operacionais,"7.000,00 ",,,,,,,,,,,,,,
01/08/2025,04/08/2025,Salário-ADM,Despesas com Pessoal,Despesas Operacionais,"8.637,39 ",,,,,,,,,,,,,,
01/08/2025,04/08/2025,Salário,Custos com Mão de Obra ,Custos,"8.076,62 ",,,,,,,,,,,,,,