Ano/Mês,Mês,Conta,Subgrupo,Grupo,Valor
01/01/2025,10/01/2025,Água,Despesas Administrativas,Despesas Operacionais,"R$ 80,0"
01/02/2025,10/02/2025,Água,Despesas Administrativas,Despesas Operacionais,"R$ 80,0"
01/03/2025,10/03/2025,Água,Despesas Administrativas,Despesas Operacionais,"R$ 80,0"
01/04/2025,10/04/2025,Água,Despesas Administrativas,Despesas Operacionais,"R$ 80,0"
01/05/2025,10/05/2025,Água,Despesas Administrativas,Despesas Operacionais,"R$ 80,0"
01/06/2025,10/06/2025,Água,Despesas Administrativas,Despesas Operacionais,"R$ 80,0"
01/07/2025,10/07/2025,Água,Despesas Administrativas,Despesas Operacionais,"R$ 80,0"
01/08/2025,10/08/2025,Água,Despesas Administrativas,Despesas Operacionais,"R$ 80,0"
01/09/2025,10/09/2025,Água,Despesas Administrativas,Despesas Operacionais,"R$ 80,0"
01/10/2025,10/10/2025,Água,Despesas Administrativas,Despesas Operacionais,"R$ 80,0"
01/11/2025,10/11/2025,Água,Despesas Administrativas,Despesas Operacionais,"R$ 80,0"
01/12/2025,10/12/2025,Água,Despesas Administrativas,Despesas Operacionais,"R$ 80,0"
01/01/2025,10/01/2025,Alimentação prestação de serviços,Custos com Serviços Prestados,Custos,"R$ 1.200,0"
01/02/2025,10/02/2025,Alimentação prestação de serviços,Custos com Serviços Prestados,Custos,"R$ 1.800,0"
01/03/2025,10/03/2025,Alimentação prestação de serviços,Custos com Serviços Prestados,Custos,"R$ 1.800,0"
01/04/2025,10/04/2025,Alimentação prestação de serviços,Custos com Serviços Prestados,Custos,"R$ 1.800,0"
01/05/2025,10/05/2025,Alimentação prestação de serviços,Custos com Serviços Prestados,Custos,"R$ 1.800,0"
01/06/2025,10/06/2025,Alimentação prestação de serviços,Custos com Serviços Prestados,Custos,"R$ 1.800,0"
01/07/2025,10/07/2025,Alimentação prestação de serviços,Custos com Serviços Prestados,Custos,"R$ 1.800,0"
01/08/2025,10/08/2025,Alimentação prestação de serviços,Custos com Serviços Prestados,Custos,"R$ 1.800,0"
01/09/2025,10/09/2025,Alimentação prestação de serviços,Custos com Serviços Prestados,Custos,"R$ 1.800,0"
01/10/2025,10/10/2025,Alimentação prestação de serviços,Custos com Serviços Prestados,Custos,"R$ 1.800,0"
01/11/2025,10/11/2025,Alimentação prestação de serviços,Custos com Serviços Prestados,Custos,"R$ 1.200,0"
01/12/2025,10/12/2025,Alimentação prestação de serviços,Custos com Serviços Prestados,Custos,"R$ 1.200,0"
01/01/2025,10/01/2025,Aluguel e Condomínio,Despesas Administrativas,Despesas Operacionais,"R$ 1.981,8"
01/02/2025,10/02/2025,Aluguel e Condomínio,Despesas Administrativas,Despesas Operacionais,"R$ 1.981,8"
01/03/2025,10/03/2025,Aluguel e Condomínio,Despesas Administrativas,Despesas Operacionais,"R$ 1.981,8"
01/04/2025,10/04/2025,Aluguel e Condomínio,Despesas Administrativas,Despesas Operacionais,"R$ 1.981,8"
01/05/2025,10/05/2025,Aluguel e Condomínio,Despesas Administrativas,Despesas Operacionais,"R$ 1.981,8"
01/06/2025,10/06/2025,Aluguel e Condomínio,Despesas Administrativas,Despesas Operacionais,"R$ 1.981,8"
01/07/2025,10/07/2025,Aluguel e Condomínio,Despesas Administrativas,Despesas Operacionais,"R$ 1.981,8"
01/08/2025,10/08/2025,Aluguel e Condomínio,Despesas Administrativas,Despesas Operacionais,"R$ 1.981,8"
01/09/2025,10/09/2025,Aluguel e Condomínio,Despesas Administrativas,Despesas Operacionais,"R$ 1.981,8"
01/10/2025,10/10/2025,Aluguel e Condomínio,Despesas Administrativas,Despesas Operacionais,"R$ 1.981,8"
01/11/2025,10/11/2025,Aluguel e Condomínio,Despesas Administrativas,Despesas Operacionais,"R$ 1.981,8"
01/12/2025,10/12/2025,Aluguel e Condomínio,Despesas Administrativas,Despesas Operacionais,"R$ 1.981,8"
01/01/2025,10/01/2025,Alvará,,,"R$ 150,0"
01/02/2025,10/02/2025,Alvará,,,"R$ 150,0"
01/03/2025,10/03/2025,Alvará,,,"R$ 150,0"
01/04/2025,10/04/2025,Alvará,,,"R$ 150,0"
01/05/2025,10/05/2025,Alvará,,,"R$ 150,0"
01/06/2025,10/06/2025,Alvará,,,"R$ 150,0"
01/07/2025,10/07/2025,Alvará,,,"R$ 150,0"
01/08/2025,10/08/2025,Alvará,,,"R$ 150,0"
01/09/2025,10/09/2025,Alvará,,,"R$ 150,0"
01/10/2025,10/10/2025,Alvará,,,
01/11/2025,10/11/2025,Alvará,,,
01/12/2025,10/12/2025,Alvará,,,
01/01/2025,10/01/2025,Anuncio marketing B2B,Despesas Marketing,Despesas Operacionais,"R$ 1.000,0"
01/02/2025,10/02/2025,Anuncio marketing B2B,Despesas Marketing,Despesas Operacionais,"R$ 1.500,0"
01/03/2025,10/03/2025,Anuncio marketing B2B,Despesas Marketing,Despesas Operacionais,"R$ 1.500,0"
01/04/2025,10/04/2025,Anuncio marketing B2B,Despesas Marketing,Despesas Operacionais,"R$ 1.500,0"
01/05/2025,10/05/2025,Anuncio marketing B2B,Despesas Marketing,Despesas Operacionais,"R$ 1.500,0"
01/06/2025,10/06/2025,Anuncio marketing B2B,Despesas Marketing,Despesas Operacionais,"R$ 1.500,0"
01/07/2025,10/07/2025,Anuncio marketing B2B,Despesas Marketing,Despesas Operacionais,"R$ 1.500,0"
01/08/2025,10/08/2025,Anuncio marketing B2B,Despesas Marketing,Despesas Operacionais,"R$ 1.500,0"
01/09/2025,10/09/2025,Anuncio marketing B2B,Despesas Marketing,Despesas Operacionais,"R$ 1.500,0"
01/10/2025,10/10/2025,Anuncio marketing B2B,Despesas Marketing,Despesas Operacionais,"R$ 1.500,0"
01/11/2025,10/11/2025,Anuncio marketing B2B,Despesas Marketing,Despesas Operacionais,"R$ 1.500,0"
01/12/2025,10/12/2025,Anuncio marketing B2B,Despesas Marketing,Despesas Operacionais,"R$ 1.500,0"
01/01/2025,10/01/2025,Telefone e Internet ,Despesas Administrativas,Despesas Operacionais,"R$ 310,0"
01/02/2025,10/02/2025,Telefone e Internet ,Despesas Administrativas,Despesas Operacionais,"R$ 310,0"
01/03/2025,10/03/2025,Telefone e Internet ,Despesas Administrativas,Despesas Operacionais,"R$ 310,0"
01/04/2025,10/04/2025,Telefone e Internet ,Despesas Administrativas,Despesas Operacionais,"R$ 310,0"
01/05/2025,10/05/2025,Telefone e Internet ,Despesas Administrativas,Despesas Operacionais,"R$ 310,0"
01/06/2025,10/06/2025,Telefone e Internet ,Despesas Administrativas,Despesas Operacionais,"R$ 310,0"
01/07/2025,10/07/2025,Telefone e Internet ,Despesas Administrativas,Despesas Operacionais,"R$ 310,0"
01/08/2025,10/08/2025,Telefone e Internet ,Despesas Administrativas,Despesas Operacionais,"R$ 310,0"
01/09/2025,10/09/2025,Telefone e Internet ,Despesas Administrativas,Despesas Operacionais,"R$ 310,0"
01/10/2025,10/10/2025,Telefone e Internet ,Despesas Administrativas,Despesas Operacionais,"R$ 310,0"
01/11/2025,10/11/2025,Telefone e Internet ,Despesas Administrativas,Despesas Operacionais,"R$ 310,0"
01/12/2025,10/12/2025,Telefone e Internet ,Despesas Administrativas,Despesas Operacionais,"R$ 310,0"
01/01/2025,10/01/2025,Comissão Closer,Custos com Serviços Prestados,Custos,"R$ 2.900,00"
01/02/2025,10/02/2025,Comissão Closer,Custos com Serviços Prestados,Custos,"R$ 3.750,00"
01/03/2025,10/03/2025,Comissão Closer,Custos com Serviços Prestados,Custos,"R$ 4.500,00"
01/04/2025,10/04/2025,Comissão Closer,Custos com Serviços Prestados,Custos,"R$ 6.250,00"
01/05/2025,10/05/2025,Comissão Closer,Custos com Serviços Prestados,Custos,"R$ 6.250,00"
01/06/2025,10/06/2025,Comissão Closer,Custos com Serviços Prestados,Custos,"R$ 6.250,00"
01/07/2025,10/07/2025,Comissão Closer,Custos com Serviços Prestados,Custos,"R$ 6.250,00"
01/08/2025,10/08/2025,Comissão Closer,Custos com Serviços Prestados,Custos,"R$ 6.250,00"
01/09/2025,10/09/2025,Comissão Closer,Custos com Serviços Prestados,Custos,"R$ 6.250,00"
01/10/2025,10/10/2025,Comissão Closer,Custos com Serviços Prestados,Custos,"R$ 6.250,00"
01/11/2025,10/11/2025,Comissão Closer,Custos com Serviços Prestados,Custos,"R$ 3.750,00"
01/12/2025,10/12/2025,Comissão Closer,Custos com Serviços Prestados,Custos,"R$ 2.500,00"
01/02/2025,20/02/2025,Comissão Junior,Custos com Serviços Prestados,Custos,"R$ 1.000,0"
01/05/2025,20/05/2025,Comissão Junior,Custos com Serviços Prestados,Custos,"R$ 1.000,0"
01/08/2025,20/08/2025,Comissão Junior,Custos com Serviços Prestados,Custos,"R$ 1.000,0"
01/11/2025,20/11/2025,Comissão Junior,Custos com Serviços Prestados,Custos,"R$ 2.000,0"
01/02/2025,20/02/2025,Comissão lançamento de marketing,Custos com Serviços Prestados,Custos,"R$ 1.000,0"
01/05/2025,20/05/2025,Comissão lançamento de marketing,Custos com Serviços Prestados,Custos,"R$ 1.000,0"
01/08/2025,20/08/2025,Comissão lançamento de marketing,Custos com Serviços Prestados,Custos,"R$ 1.000,0"
01/11/2025,20/11/2025,Comissão lançamento de marketing,Custos com Serviços Prestados,Custos,"R$ 2.000,0"
01/02/2025,20/02/2025,Comissão Otávio,Custos com Serviços Prestados,Custos,"R$ 1.000,0"
01/05/2025,20/05/2025,Comissão Otávio,Custos com Serviços Prestados,Custos,"R$ 1.000,0"
01/08/2025,20/08/2025,Comissão Otávio,Custos com Serviços Prestados,Custos,"R$ 1.000,0"
01/11/2025,20/11/2025,Comissão Otávio,Custos com Serviços Prestados,Custos,"R$ 2.000,0"
01/01/2025,10/01/2025,Comissão parceiros - Rolamentos,Custos com Serviços Prestados,Custos,"R$ 17.000,0"
01/02/2025,10/02/2025,Comissão parceiros - Rolamentos,Custos com Serviços Prestados,Custos,"R$ 25.500,0"
01/03/2025,10/03/2025,Comissão parceiros - Rolamentos,Custos com Serviços Prestados,Custos,"R$ 25.500,0"
01/04/2025,10/04/2025,Comissão parceiros - Rolamentos,Custos com Serviços Prestados,Custos,"R$ 25.500,0"
01/05/2025,10/05/2025,Comissão parceiros - Rolamentos,Custos com Serviços Prestados,Custos,"R$ 25.500,0"
01/06/2025,10/06/2025,Comissão parceiros - Rolamentos,Custos com Serviços Prestados,Custos,"R$ 25.500,0"
01/07/2025,10/07/2025,Comissão parceiros - Rolamentos,Custos com Serviços Prestados,Custos,"R$ 25.500,0"
01/08/2025,10/08/2025,Comissão parceiros - Rolamentos,Custos com Serviços Prestados,Custos,"R$ 25.500,0"
01/09/2025,10/09/2025,Comissão parceiros - Rolamentos,Custos com Serviços Prestados,Custos,"R$ 25.500,0"
01/10/2025,10/10/2025,Comissão parceiros - Rolamentos,Custos com Serviços Prestados,Custos,"R$ 25.500,0"
01/11/2025,10/11/2025,Comissão parceiros - Rolamentos,Custos com Serviços Prestados,Custos,"R$ 17.000,0"
01/12/2025,10/12/2025,Comissão parceiros - Rolamentos,Custos com Serviços Prestados,Custos,"R$ 17.000,0"
01/01/2025,10/01/2025,Comissão SDR,Custos com Serviços Prestados,Custos,"R$ 1.800,0"
01/02/2025,10/02/2025,Comissão SDR,Custos com Serviços Prestados,Custos,"R$ 1.800,0"
01/03/2025,10/03/2025,Comissão SDR,Custos com Serviços Prestados,Custos,"R$ 1.800,0"
01/04/2025,10/04/2025,Comissão SDR,Custos com Serviços Prestados,Custos,"R$ 1.800,0"
01/05/2025,10/05/2025,Comissão SDR,Custos com Serviços Prestados,Custos,"R$ 1.800,0"
01/06/2025,10/06/2025,Comissão SDR,Custos com Serviços Prestados,Custos,"R$ 1.800,0"
01/07/2025,10/07/2025,Comissão SDR,Custos com Serviços Prestados,Custos,"R$ 1.800,0"
01/08/2025,10/08/2025,Comissão SDR,Custos com Serviços Prestados,Custos,"R$ 1.800,0"
01/09/2025,10/09/2025,Comissão SDR,Custos com Serviços Prestados,Custos,"R$ 1.800,0"
01/10/2025,10/10/2025,Comissão SDR,Custos com Serviços Prestados,Custos,"R$ 1.800,0"
01/11/2025,10/11/2025,Comissão SDR,Custos com Serviços Prestados,Custos,"R$ 1.800,0"
01/12/2025,10/12/2025,Comissão SDR,Custos com Serviços Prestados,Custos,"R$ 1.800,0"
01/01/2025,10/01/2025,Confraternização,Despesas com Pessoal,Despesas Operacionais,"R$ 160,0"
01/02/2025,10/02/2025,Confraternização,Despesas com Pessoal,Despesas Operacionais,"R$ 160,0"
01/03/2025,10/03/2025,Confraternização,Despesas com Pessoal,Despesas Operacionais,"R$ 160,0"
01/04/2025,10/04/2025,Confraternização,Despesas com Pessoal,Despesas Operacionais,"R$ 160,0"
01/05/2025,10/05/2025,Confraternização,Despesas com Pessoal,Despesas Operacionais,"R$ 160,0"
01/06/2025,10/06/2025,Confraternização,Despesas com Pessoal,Despesas Operacionais,"R$ 160,0"
01/07/2025,10/07/2025,Confraternização,Despesas com Pessoal,Despesas Operacionais,"R$ 160,0"
01/08/2025,10/08/2025,Confraternização,Despesas com Pessoal,Despesas Operacionais,"R$ 160,0"
01/09/2025,10/09/2025,Confraternização,Despesas com Pessoal,Despesas Operacionais,"R$ 160,0"
01/10/2025,10/10/2025,Confraternização,Despesas com Pessoal,Despesas Operacionais,"R$ 160,0"
01/11/2025,10/11/2025,Confraternização,Despesas com Pessoal,Despesas Operacionais,"R$ 160,0"
01/12/2025,10/12/2025,Confraternização,Despesas com Pessoal,Despesas Operacionais,"R$ 5.000,0"
01/01/2025,10/01/2025,Consultoria de Recursos Humanos,Despesas com Pessoal,Despesas Operacionais,"R$ 1.000,0"
01/02/2025,10/02/2025,Consultoria de Recursos Humanos,Despesas com Pessoal,Despesas Operacionais,"R$ 1.000,0"
01/03/2025,10/03/2025,Consultoria de Recursos Humanos,Despesas com Pessoal,Despesas Operacionais,"R$ 1.000,0"
01/04/2025,10/04/2025,Consultoria de Recursos Humanos,Despesas com Pessoal,Despesas Operacionais,"R$ 1.000,0"
01/05/2025,10/05/2025,Consultoria de Recursos Humanos,Despesas com Pessoal,Despesas Operacionais,"R$ 500,0"
01/06/2025,10/06/2025,Consultoria de Recursos Humanos,Despesas com Pessoal,Despesas Operacionais,"R$ 500,0"
01/07/2025,10/07/2025,Consultoria de Recursos Humanos,Despesas com Pessoal,Despesas Operacionais,"R$ 500,0"
01/08/2025,10/08/2025,Consultoria de Recursos Humanos,Despesas com Pessoal,Despesas Operacionais,"R$ 500,0"
01/09/2025,10/09/2025,Consultoria de Recursos Humanos,Despesas com Pessoal,Despesas Operacionais,"R$ 500,0"
01/10/2025,10/10/2025,Consultoria de Recursos Humanos,Despesas com Pessoal,Despesas Operacionais,"R$ 500,0"
01/11/2025,10/11/2025,Consultoria de Recursos Humanos,Despesas com Pessoal,Despesas Operacionais,"R$ 500,0"
01/12/2025,10/12/2025,Consultoria de Recursos Humanos,Despesas com Pessoal,Despesas Operacionais,"R$ 500,0"
01/01/2025,10/01/2025,Consultoria Financeira,Despesas Administrativas,Despesas Operacionais,"R$ 1.200,0"
01/02/2025,10/02/2025,Consultoria Financeira,Despesas Administrativas,Despesas Operacionais,"R$ 1.200,0"
01/03/2025,10/03/2025,Consultoria Financeira,Despesas Administrativas,Despesas Operacionais,"R$ 1.200,0"
01/04/2025,10/04/2025,Consultoria Financeira,Despesas Administrativas,Despesas Operacionais,"R$ 1.200,0"
01/05/2025,10/05/2025,Consultoria Financeira,Despesas Administrativas,Despesas Operacionais,"R$ 1.200,0"
01/06/2025,10/06/2025,Consultoria Financeira,Despesas Administrativas,Despesas Operacionais,"R$ 1.200,0"
01/07/2025,10/07/2025,Consultoria Financeira,Despesas Administrativas,Despesas Operacionais,"R$ 1.200,0"
01/08/2025,10/08/2025,Consultoria Financeira,Despesas Administrativas,Despesas Operacionais,"R$ 1.200,0"
01/09/2025,10/09/2025,Consultoria Financeira,Despesas Administrativas,Despesas Operacionais,"R$ 1.200,0"
01/10/2025,10/10/2025,Consultoria Financeira,Despesas Administrativas,Despesas Operacionais,"R$ 1.200,0"
01/11/2025,10/11/2025,Consultoria Financeira,Despesas Administrativas,Despesas Operacionais,"R$ 1.200,0"
01/12/2025,10/12/2025,Consultoria Financeira,Despesas Administrativas,Despesas Operacionais,"R$ 1.200,0"
01/01/2025,10/01/2025,Contabilidade,Despesas Administrativas,Despesas Operacionais,"R$ 360,0"
01/02/2025,10/02/2025,Contabilidade,Despesas Administrativas,Despesas Operacionais,"R$ 360,0"
01/03/2025,10/03/2025,Contabilidade,Despesas Administrativas,Despesas Operacionais,"R$ 360,0"
01/04/2025,10/04/2025,Contabilidade,Despesas Administrativas,Despesas Operacionais,"R$ 360,0"
01/05/2025,10/05/2025,Contabilidade,Despesas Administrativas,Despesas Operacionais,"R$ 360,0"
01/06/2025,10/06/2025,Contabilidade,Despesas Administrativas,Despesas Operacionais,"R$ 360,0"
01/07/2025,10/07/2025,Contabilidade,Despesas Administrativas,Despesas Operacionais,"R$ 360,0"
01/08/2025,10/08/2025,Contabilidade,Despesas Administrativas,Despesas Operacionais,"R$ 360,0"
01/09/2025,10/09/2025,Contabilidade,Despesas Administrativas,Despesas Operacionais,"R$ 360,0"
01/10/2025,10/10/2025,Contabilidade,Despesas Administrativas,Despesas Operacionais,"R$ 360,0"
01/11/2025,10/11/2025,Contabilidade,Despesas Administrativas,Despesas Operacionais,"R$ 360,0"
01/12/2025,10/12/2025,Contabilidade,Despesas Administrativas,Despesas Operacionais,"R$ 360,0"
01/01/2025,10/01/2025,Convênio Medico-ADM,Despesas com Pessoal,Despesas Operacionais,"R$ 1.850,0"
01/02/2025,10/02/2025,Convênio Medico-ADM,Despesas com Pessoal,Despesas Operacionais,"R$ 1.850,0"
01/03/2025,10/03/2025,Convênio Medico-ADM,Despesas com Pessoal,Despesas Operacionais,"R$ 1.850,0"
01/04/2025,10/04/2025,Convênio Medico-ADM,Despesas com Pessoal,Despesas Operacionais,"R$ 1.850,0"
01/05/2025,10/05/2025,Convênio Medico-ADM,Despesas com Pessoal,Despesas Operacionais,"R$ 1.850,0"
01/06/2025,10/06/2025,Convênio Medico-ADM,Despesas com Pessoal,Despesas Operacionais,"R$ 1.850,0"
01/07/2025,10/07/2025,Convênio Medico-ADM,Despesas com Pessoal,Despesas Operacionais,"R$ 1.850,0"
01/08/2025,10/08/2025,Convênio Medico-ADM,Despesas com Pessoal,Despesas Operacionais,"R$ 1.850,0"
01/09/2025,10/09/2025,Convênio Medico-ADM,Despesas com Pessoal,Despesas Operacionais,"R$ 1.850,0"
01/10/2025,10/10/2025,Convênio Medico-ADM,Despesas com Pessoal,Despesas Operacionais,"R$ 1.850,0"
01/11/2025,10/11/2025,Convênio Medico-ADM,Despesas com Pessoal,Despesas Operacionais,"R$ 1.850,0"
01/12/2025,10/12/2025,Convênio Medico-ADM,Despesas com Pessoal,Despesas Operacionais,"R$ 1.850,0"
01/11/2025,10/11/2025,Décimo terceiro,Custos com Mão de Obra ,Custos,"R$ 12.200,0"
01/12/2025,10/12/2025,Décimo terceiro,Custos com Mão de Obra ,Custos,"R$ 12.200,0"
01/01/2025,10/01/2025,Despesas de Viagens-COM,Despesas Comerciais,Despesas Operacionais,"R$ 1.500,0"
01/02/2025,10/02/2025,Despesas de Viagens-COM,Despesas Comerciais,Despesas Operacionais,"R$ 1.500,0"
01/03/2025,10/03/2025,Despesas de Viagens-COM,Despesas Comerciais,Despesas Operacionais,"R$ 1.500,0"
01/04/2025,10/04/2025,Despesas de Viagens-COM,Despesas Comerciais,Despesas Operacionais,"R$ 1.500,0"
01/05/2025,10/05/2025,Despesas de Viagens-COM,Despesas Comerciais,Despesas Operacionais,"R$ 1.500,0"
01/06/2025,10/06/2025,Despesas de Viagens-COM,Despesas Comerciais,Despesas Operacionais,"R$ 1.500,0"
01/07/2025,10/07/2025,Despesas de Viagens-COM,Despesas Comerciais,Despesas Operacionais,"R$ 1.500,0"
01/08/2025,10/08/2025,Despesas de Viagens-COM,Despesas Comerciais,Despesas Operacionais,"R$ 1.500,0"
01/09/2025,10/09/2025,Despesas de Viagens-COM,Despesas Comerciais,Despesas Operacionais,"R$ 1.500,0"
01/10/2025,10/10/2025,Despesas de Viagens-COM,Despesas Comerciais,Despesas Operacionais,"R$ 1.500,0"
01/11/2025,10/11/2025,Despesas de Viagens-COM,Despesas Comerciais,Despesas Operacionais,"R$ 1.500,0"
01/12/2025,10/12/2025,Despesas de Viagens-COM,Despesas Comerciais,Despesas Operacionais,"R$ 1.500,0"
01/01/2025,10/01/2025,Energia Elétrica,Despesas Administrativas,Despesas Operacionais,"R$ 120,0"
01/02/2025,10/02/2025,Energia Elétrica,Despesas Administrativas,Despesas Operacionais,"R$ 120,0"
01/03/2025,10/03/2025,Energia Elétrica,Despesas Administrativas,Despesas Operacionais,"R$ 120,0"
01/04/2025,10/04/2025,Energia Elétrica,Despesas Administrativas,Despesas Operacionais,"R$ 120,0"
01/05/2025,10/05/2025,Energia Elétrica,Despesas Administrativas,Despesas Operacionais,"R$ 120,0"
01/06/2025,10/06/2025,Energia Elétrica,Despesas Administrativas,Despesas Operacionais,"R$ 120,0"
01/07/2025,10/07/2025,Energia Elétrica,Despesas Administrativas,Despesas Operacionais,"R$ 120,0"
01/08/2025,10/08/2025,Energia Elétrica,Despesas Administrativas,Despesas Operacionais,"R$ 120,0"
01/09/2025,10/09/2025,Energia Elétrica,Despesas Administrativas,Despesas Operacionais,"R$ 120,0"
01/10/2025,10/10/2025,Energia Elétrica,Despesas Administrativas,Despesas Operacionais,"R$ 120,0"
01/11/2025,10/11/2025,Energia Elétrica,Despesas Administrativas,Despesas Operacionais,"R$ 120,0"
01/12/2025,10/12/2025,Energia Elétrica,Despesas Administrativas,Despesas Operacionais,"R$ 120,0"
01/01/2025,10/01/2025,Exames ocupacionais-ADM,Despesas com Pessoal,Despesas Operacionais,"R$ 120,0"
01/02/2025,10/02/2025,Exames ocupacionais-ADM,Despesas com Pessoal,Despesas Operacionais,"R$ 100,0"
01/03/2025,10/03/2025,Exames ocupacionais-ADM,Despesas com Pessoal,Despesas Operacionais,"R$ 100,0"
01/04/2025,10/04/2025,Exames ocupacionais-ADM,Despesas com Pessoal,Despesas Operacionais,"R$ 100,0"
01/05/2025,10/05/2025,Exames ocupacionais-ADM,Despesas com Pessoal,Despesas Operacionais,"R$ 100,0"
01/06/2025,10/06/2025,Exames ocupacionais-ADM,Despesas com Pessoal,Despesas Operacionais,"R$ 100,0"
01/07/2025,10/07/2025,Exames ocupacionais-ADM,Despesas com Pessoal,Despesas Operacionais,"R$ 100,0"
01/08/2025,10/08/2025,Exames ocupacionais-ADM,Despesas com Pessoal,Despesas Operacionais,"R$ 100,0"
01/09/2025,10/09/2025,Exames ocupacionais-ADM,Despesas com Pessoal,Despesas Operacionais,"R$ 100,0"
01/10/2025,10/10/2025,Exames ocupacionais-ADM,Despesas com Pessoal,Despesas Operacionais,"R$ 100,0"
01/11/2025,10/11/2025,Exames ocupacionais-ADM,Despesas com Pessoal,Despesas Operacionais,"R$ 100,0"
01/12/2025,10/12/2025,Exames ocupacionais-ADM,Despesas com Pessoal,Despesas Operacionais,"R$ 100,0"
01/01/2025,10/01/2025,Faxina do escritório,Despesas Administrativas,Despesas Operacionais,"R$ 600,0"
01/02/2025,10/02/2025,Faxina do escritório,Despesas Administrativas,Despesas Operacionais,"R$ 600,0"
01/03/2025,10/03/2025,Faxina do escritório,Despesas Administrativas,Despesas Operacionais,"R$ 600,0"
01/04/2025,10/04/2025,Faxina do escritório,Despesas Administrativas,Despesas Operacionais,"R$ 600,0"
01/05/2025,10/05/2025,Faxina do escritório,Despesas Administrativas,Despesas Operacionais,"R$ 600,0"
01/06/2025,10/06/2025,Faxina do escritório,Despesas Administrativas,Despesas Operacionais,"R$ 600,0"
01/07/2025,10/07/2025,Faxina do escritório,Despesas Administrativas,Despesas Operacionais,"R$ 600,0"
01/08/2025,10/08/2025,Faxina do escritório,Despesas Administrativas,Despesas Operacionais,"R$ 600,0"
01/09/2025,10/09/2025,Faxina do escritório,Despesas Administrativas,Despesas Operacionais,"R$ 600,0"
01/10/2025,10/10/2025,Faxina do escritório,Despesas Administrativas,Despesas Operacionais,"R$ 600,0"
01/11/2025,10/11/2025,Faxina do escritório,Despesas Administrativas,Despesas Operacionais,"R$ 600,0"
01/12/2025,10/12/2025,Faxina do escritório,Despesas Administrativas,Despesas Operacionais,"R$ 600,0"
01/01/2025,10/01/2025,Férias,Custos com Mão de Obra ,Custos,"R$ 660,0"
01/02/2025,10/02/2025,Férias,Custos com Mão de Obra ,Custos,"R$ 660,0"
01/03/2025,10/03/2025,Férias,Custos com Mão de Obra ,Custos,"R$ 660,0"
01/04/2025,10/04/2025,Férias,Custos com Mão de Obra ,Custos,"R$ 660,0"
01/05/2025,10/05/2025,Férias,Custos com Mão de Obra ,Custos,"R$ 660,0"
01/06/2025,10/06/2025,Férias,Custos com Mão de Obra ,Custos,"R$ 660,0"
01/07/2025,10/07/2025,Férias,Custos com Mão de Obra ,Custos,"R$ 660,0"
01/08/2025,10/08/2025,Férias,Custos com Mão de Obra ,Custos,"R$ 660,0"
01/09/2025,10/09/2025,Férias,Custos com Mão de Obra ,Custos,"R$ 660,0"
01/10/2025,10/10/2025,Férias,Custos com Mão de Obra ,Custos,"R$ 660,0"
01/11/2025,10/11/2025,Férias,Custos com Mão de Obra ,Custos,"R$ 660,0"
01/12/2025,10/12/2025,Férias,Custos com Mão de Obra ,Custos,"R$ 660,0"
01/01/2025,10/01/2025,Ferramentas e aplicativos - Marketing,Despesas Marketing,Despesas Operacionais,"R$ 1.680,0"
01/02/2025,10/02/2025,Ferramentas e aplicativos - Marketing,Despesas Marketing,Despesas Operacionais,"R$ 1.680,0"
01/03/2025,10/03/2025,Ferramentas e aplicativos - Marketing,Despesas Marketing,Despesas Operacionais,"R$ 1.680,0"
01/04/2025,10/04/2025,Ferramentas e aplicativos - Marketing,Despesas Marketing,Despesas Operacionais,"R$ 1.680,0"
01/05/2025,10/05/2025,Ferramentas e aplicativos - Marketing,Despesas Marketing,Despesas Operacionais,"R$ 1.680,0"
01/06/2025,10/06/2025,Ferramentas e aplicativos - Marketing,Despesas Marketing,Despesas Operacionais,"R$ 1.680,0"
01/07/2025,10/07/2025,Ferramentas e aplicativos - Marketing,Despesas Marketing,Despesas Operacionais,"R$ 1.680,0"
01/08/2025,10/08/2025,Ferramentas e aplicativos - Marketing,Despesas Marketing,Despesas Operacionais,"R$ 1.680,0"
01/09/2025,10/09/2025,Ferramentas e aplicativos - Marketing,Despesas Marketing,Despesas Operacionais,"R$ 1.680,0"
01/10/2025,10/10/2025,Ferramentas e aplicativos - Marketing,Despesas Marketing,Despesas Operacionais,"R$ 1.680,0"
01/11/2025,10/11/2025,Ferramentas e aplicativos - Marketing,Despesas Marketing,Despesas Operacionais,"R$ 1.680,0"
01/12/2025,10/12/2025,Ferramentas e aplicativos - Marketing,Despesas Marketing,Despesas Operacionais,"R$ 1.680,0"
01/01/2025,10/01/2025,FGTS,Custos com Mão de Obra ,Custos,"R$ 1.800,0"
01/02/2025,10/02/2025,FGTS,Custos com Mão de Obra ,Custos,"R$ 1.800,0"
01/03/2025,10/03/2025,FGTS,Custos com Mão de Obra ,Custos,"R$ 1.800,0"
01/04/2025,10/04/2025,FGTS,Custos com Mão de Obra ,Custos,"R$ 2.300,0"
01/05/2025,10/05/2025,FGTS,Custos com Mão de Obra ,Custos,"R$ 2.300,0"
01/06/2025,10/06/2025,FGTS,Custos com Mão de Obra ,Custos,"R$ 2.300,0"
01/07/2025,10/07/2025,FGTS,Custos com Mão de Obra ,Custos,"R$ 2.300,0"
01/08/2025,10/08/2025,FGTS,Custos com Mão de Obra ,Custos,"R$ 2.300,0"
01/09/2025,10/09/2025,FGTS,Custos com Mão de Obra ,Custos,"R$ 2.300,0"
01/10/2025,10/10/2025,FGTS,Custos com Mão de Obra ,Custos,"R$ 2.300,0"
01/11/2025,10/11/2025,FGTS,Custos com Mão de Obra ,Custos,"R$ 2.300,0"
01/12/2025,10/12/2025,FGTS,Custos com Mão de Obra ,Custos,"R$ 2.300,0"
01/01/2025,10/01/2025,Hotel prestação de serviços,Custos com Serviços Prestados,Custos,"R$ 3.482,56"
01/02/2025,10/02/2025,Hotel prestação de serviços,Custos com Serviços Prestados,Custos,"R$ 6.479,8"
01/03/2025,10/03/2025,Hotel prestação de serviços,Custos com Serviços Prestados,Custos,"R$ 6.337,9"
01/04/2025,10/04/2025,Hotel prestação de serviços,Custos com Serviços Prestados,Custos,"R$ 8.702,6"
01/05/2025,10/05/2025,Hotel prestação de serviços,Custos com Serviços Prestados,Custos,"R$ 9.111,7"
01/06/2025,10/06/2025,Hotel prestação de serviços,Custos com Serviços Prestados,Custos,"R$ 8.088,9"
01/07/2025,10/07/2025,Hotel prestação de serviços,Custos com Serviços Prestados,Custos,"R$ 9.588,9"
01/08/2025,10/08/2025,Hotel prestação de serviços,Custos com Serviços Prestados,Custos,"R$ 6.905,9"
01/09/2025,10/09/2025,Hotel prestação de serviços,Custos com Serviços Prestados,Custos,"R$ 7.405,8"
01/10/2025,10/10/2025,Hotel prestação de serviços,Custos com Serviços Prestados,Custos,"R$ 5.819,5"
01/11/2025,10/11/2025,Hotel prestação de serviços,Custos com Serviços Prestados,Custos,"R$ 4.810,8"
01/12/2025,10/12/2025,Hotel prestação de serviços,Custos com Serviços Prestados,Custos,"R$ 2.983,5"
01/01/2025,10/01/2025,INSS ,Custos com Mão de Obra ,Custos,"R$ 1.428,0"
01/02/2025,10/02/2025,INSS ,Custos com Mão de Obra ,Custos,"R$ 1.428,0"
01/03/2025,10/03/2025,INSS ,Custos com Mão de Obra ,Custos,"R$ 1.428,0"
01/04/2025,10/04/2025,INSS ,Custos com Mão de Obra ,Custos,"R$ 1.428,0"
01/05/2025,10/05/2025,INSS ,Custos com Mão de Obra ,Custos,"R$ 1.428,0"
01/06/2025,10/06/2025,INSS ,Custos com Mão de Obra ,Custos,"R$ 1.428,0"
01/07/2025,10/07/2025,INSS ,Custos com Mão de Obra ,Custos,"R$ 1.428,0"
01/08/2025,10/08/2025,INSS ,Custos com Mão de Obra ,Custos,"R$ 1.428,0"
01/09/2025,10/09/2025,INSS ,Custos com Mão de Obra ,Custos,"R$ 1.428,0"
01/10/2025,10/10/2025,INSS ,Custos com Mão de Obra ,Custos,"R$ 1.428,0"
01/11/2025,10/11/2025,INSS ,Custos com Mão de Obra ,Custos,"R$ 1.428,0"
01/12/2025,10/12/2025,INSS ,Custos com Mão de Obra ,Custos,"R$ 1.428,0"
01/01/2025,10/01/2025,INSS ,Custos com Mão de Obra ,Custos,"R$ 1.428,0"
01/02/2025,10/02/2025,INSS ,Custos com Mão de Obra ,Custos,"R$ 1.428,0"
01/03/2025,10/03/2025,INSS ,Custos com Mão de Obra ,Custos,"R$ 1.428,0"
01/04/2025,10/04/2025,INSS ,Custos com Mão de Obra ,Custos,"R$ 1.428,0"
01/05/2025,10/05/2025,INSS ,Custos com Mão de Obra ,Custos,"R$ 1.428,0"
01/06/2025,10/06/2025,INSS ,Custos com Mão de Obra ,Custos,"R$ 1.428,0"
01/07/2025,10/07/2025,INSS ,Custos com Mão de Obra ,Custos,"R$ 1.428,0"
01/08/2025,10/08/2025,INSS ,Custos com Mão de Obra ,Custos,"R$ 1.428,0"
01/09/2025,10/09/2025,INSS ,Custos com Mão de Obra ,Custos,"R$ 1.428,0"
01/10/2025,10/10/2025,INSS ,Custos com Mão de Obra ,Custos,"R$ 1.428,0"
01/11/2025,10/11/2025,INSS ,Custos com Mão de Obra ,Custos,"R$ 1.428,0"
01/12/2025,10/12/2025,INSS ,Custos com Mão de Obra ,Custos,"R$ 1.428,0"
01/01/2025,10/01/2025,IRRF-ADM,Despesas com Pessoal,Despesas Operacionais,"R$ 1.696,0"
01/02/2025,10/02/2025,IRRF-ADM,Despesas com Pessoal,Despesas Operacionais,"R$ 1.696,0"
01/03/2025,10/03/2025,IRRF-ADM,Despesas com Pessoal,Despesas Operacionais,"R$ 1.696,0"
01/04/2025,10/04/2025,IRRF-ADM,Despesas com Pessoal,Despesas Operacionais,"R$ 1.696,0"
01/05/2025,10/05/2025,IRRF-ADM,Despesas com Pessoal,Despesas Operacionais,"R$ 1.696,0"
01/06/2025,10/06/2025,IRRF-ADM,Despesas com Pessoal,Despesas Operacionais,"R$ 1.696,0"
01/07/2025,10/07/2025,IRRF-ADM,Despesas com Pessoal,Despesas Operacionais,"R$ 1.696,0"
01/08/2025,10/08/2025,IRRF-ADM,Despesas com Pessoal,Despesas Operacionais,"R$ 1.696,0"
01/09/2025,10/09/2025,IRRF-ADM,Despesas com Pessoal,Despesas Operacionais,"R$ 1.696,0"
01/10/2025,10/10/2025,IRRF-ADM,Despesas com Pessoal,Despesas Operacionais,"R$ 1.696,0"
01/11/2025,10/11/2025,IRRF-ADM,Despesas com Pessoal,Despesas Operacionais,"R$ 1.696,0"
01/12/2025,10/12/2025,IRRF-ADM,Despesas com Pessoal,Despesas Operacionais,"R$ 1.696,0"
01/01/2025,10/01/2025,Locação de veículos,Custos com Serviços Prestados,Custos,"R$ 2.400,0"
01/02/2025,10/02/2025,Locação de veículos,Custos com Serviços Prestados,Custos,"R$ 7.200,0"
01/03/2025,10/03/2025,Locação de veículos,Custos com Serviços Prestados,Custos,"R$ 8.400,0"
01/04/2025,10/04/2025,Locação de veículos,Custos com Serviços Prestados,Custos,"R$ 8.400,0"
01/05/2025,10/05/2025,Locação de veículos,Custos com Serviços Prestados,Custos,"R$ 8.400,0"
01/06/2025,10/06/2025,Locação de veículos,Custos com Serviços Prestados,Custos,"R$ 8.400,0"
01/07/2025,10/07/2025,Locação de veículos,Custos com Serviços Prestados,Custos,"R$ 8.400,0"
01/08/2025,10/08/2025,Locação de veículos,Custos com Serviços Prestados,Custos,"R$ 8.400,0"
01/09/2025,10/09/2025,Locação de veículos,Custos com Serviços Prestados,Custos,"R$ 8.400,0"
01/10/2025,10/10/2025,Locação de veículos,Custos com Serviços Prestados,Custos,"R$ 6.000,0"
01/11/2025,10/11/2025,Locação de veículos,Custos com Serviços Prestados,Custos,"R$ 6.000,0"
01/12/2025,10/12/2025,Locação de veículos,Custos com Serviços Prestados,Custos,"R$ 3.600,0"
01/01/2025,10/01/2025,Tarifas Bancárias,Despesas Financeiras,Despesas Operacionais,"R$ 150,0"
01/02/2025,10/02/2025,Tarifas Bancárias,Despesas Financeiras,Despesas Operacionais,"R$ 150,0"
01/03/2025,10/03/2025,Tarifas Bancárias,Despesas Financeiras,Despesas Operacionais,"R$ 150,0"
01/04/2025,10/04/2025,Tarifas Bancárias,Despesas Financeiras,Despesas Operacionais,"R$ 150,0"
01/05/2025,10/05/2025,Tarifas Bancárias,Despesas Financeiras,Despesas Operacionais,"R$ 150,0"
01/06/2025,10/06/2025,Tarifas Bancárias,Despesas Financeiras,Despesas Operacionais,"R$ 150,0"
01/07/2025,10/07/2025,Tarifas Bancárias,Despesas Financeiras,Despesas Operacionais,"R$ 150,0"
01/08/2025,10/08/2025,Tarifas Bancárias,Despesas Financeiras,Despesas Operacionais,"R$ 150,0"
01/09/2025,10/09/2025,Tarifas Bancárias,Despesas Financeiras,Despesas Operacionais,"R$ 150,0"
01/10/2025,10/10/2025,Tarifas Bancárias,Despesas Financeiras,Despesas Operacionais,"R$ 150,0"
01/11/2025,10/11/2025,Tarifas Bancárias,Despesas Financeiras,Despesas Operacionais,"R$ 150,0"
01/12/2025,10/12/2025,Tarifas Bancárias,Despesas Financeiras,Despesas Operacionais,"R$ 150,0"
01/01/2025,10/01/2025,Manutenção escritório,Despesas Administrativas,Despesas Operacionais,"R$ 80,0"
01/02/2025,10/02/2025,Manutenção escritório,Despesas Administrativas,Despesas Operacionais,"R$ 80,0"
01/03/2025,10/03/2025,Manutenção escritório,Despesas Administrativas,Despesas Operacionais,"R$ 80,0"
01/04/2025,10/04/2025,Manutenção escritório,Despesas Administrativas,Despesas Operacionais,"R$ 80,0"
01/05/2025,10/05/2025,Manutenção escritório,Despesas Administrativas,Despesas Operacionais,"R$ 80,0"
01/06/2025,10/06/2025,Manutenção escritório,Despesas Administrativas,Despesas Operacionais,"R$ 80,0"
01/07/2025,10/07/2025,Manutenção escritório,Despesas Administrativas,Despesas Operacionais,"R$ 80,0"
01/08/2025,10/08/2025,Manutenção escritório,Despesas Administrativas,Despesas Operacionais,"R$ 80,0"
01/09/2025,10/09/2025,Manutenção escritório,Despesas Administrativas,Despesas Operacionais,"R$ 80,0"
01/10/2025,10/10/2025,Manutenção escritório,Despesas Administrativas,Despesas Operacionais,"R$ 80,0"
01/11/2025,10/11/2025,Manutenção escritório,Despesas Administrativas,Despesas Operacionais,"R$ 80,0"
01/12/2025,10/12/2025,Manutenção escritório,Despesas Administrativas,Despesas Operacionais,"R$ 80,0"
01/01/2025,10/01/2025,Marketing B2B para clientes,Receita,Receita,"R$ 7.994,0"
01/02/2025,10/02/2025,Marketing B2B para clientes,Receita,Receita,"R$ 7.994,0"
01/03/2025,10/03/2025,Marketing B2B para clientes,Receita,Receita,"R$ 10.494,0"
01/04/2025,10/04/2025,Marketing B2B para clientes,Receita,Receita,"R$ 12.494,0"
01/05/2025,10/05/2025,Marketing B2B para clientes,Receita,Receita,"R$ 12.494,0"
01/06/2025,10/06/2025,Marketing B2B para clientes,Receita,Receita,"R$ 12.494,0"
01/07/2025,10/07/2025,Marketing B2B para clientes,Receita,Receita,"R$ 12.494,0"
01/08/2025,10/08/2025,Marketing B2B para clientes,Receita,Receita,"R$ 12.494,0"
01/09/2025,10/09/2025,Marketing B2B para clientes,Receita,Receita,"R$ 12.494,0"
01/10/2025,10/10/2025,Marketing B2B para clientes,Receita,Receita,"R$ 12.494,0"
01/11/2025,10/11/2025,Marketing B2B para clientes,Receita,Receita,"R$ 12.494,0"
01/12/2025,10/12/2025,Marketing B2B para clientes,Receita,Receita,"R$ 12.494,0"
01/01/2025,10/01/2025,Materiais de Expediente/Escritório,Despesas Administrativas,Despesas Operacionais,"R$ 100,0"
01/02/2025,10/02/2025,Materiais de Expediente/Escritório,Despesas Administrativas,Despesas Operacionais,"R$ 100,0"
01/03/2025,10/03/2025,Materiais de Expediente/Escritório,Despesas Administrativas,Despesas Operacionais,"R$ 100,0"
01/04/2025,10/04/2025,Materiais de Expediente/Escritório,Despesas Administrativas,Despesas Operacionais,"R$ 100,0"
01/05/2025,10/05/2025,Materiais de Expediente/Escritório,Despesas Administrativas,Despesas Operacionais,"R$ 100,0"
01/06/2025,10/06/2025,Materiais de Expediente/Escritório,Despesas Administrativas,Despesas Operacionais,"R$ 100,0"
01/07/2025,10/07/2025,Materiais de Expediente/Escritório,Despesas Administrativas,Despesas Operacionais,"R$ 100,0"
01/08/2025,10/08/2025,Materiais de Expediente/Escritório,Despesas Administrativas,Despesas Operacionais,"R$ 100,0"
01/09/2025,10/09/2025,Materiais de Expediente/Escritório,Despesas Administrativas,Despesas Operacionais,"R$ 100,0"
01/10/2025,10/10/2025,Materiais de Expediente/Escritório,Despesas Administrativas,Despesas Operacionais,"R$ 100,0"
01/11/2025,10/11/2025,Materiais de Expediente/Escritório,Despesas Administrativas,Despesas Operacionais,"R$ 100,0"
01/12/2025,10/12/2025,Materiais de Expediente/Escritório,Despesas Administrativas,Despesas Operacionais,"R$ 100,0"
01/01/2025,10/01/2025,Materiais de Expediente/Escritório,Despesas Administrativas,Despesas Operacionais,"R$ 80,0"
01/02/2025,10/02/2025,Materiais de Expediente/Escritório,Despesas Administrativas,Despesas Operacionais,"R$ 80,0"
01/03/2025,10/03/2025,Materiais de Expediente/Escritório,Despesas Administrativas,Despesas Operacionais,"R$ 80,0"
01/04/2025,10/04/2025,Materiais de Expediente/Escritório,Despesas Administrativas,Despesas Operacionais,"R$ 80,0"
01/05/2025,10/05/2025,Materiais de Expediente/Escritório,Despesas Administrativas,Despesas Operacionais,"R$ 80,0"
01/06/2025,10/06/2025,Materiais de Expediente/Escritório,Despesas Administrativas,Despesas Operacionais,"R$ 80,0"
01/07/2025,10/07/2025,Materiais de Expediente/Escritório,Despesas Administrativas,Despesas Operacionais,"R$ 80,0"
01/08/2025,10/08/2025,Materiais de Expediente/Escritório,Despesas Administrativas,Despesas Operacionais,"R$ 80,0"
01/09/2025,10/09/2025,Materiais de Expediente/Escritório,Despesas Administrativas,Despesas Operacionais,"R$ 80,0"
01/10/2025,10/10/2025,Materiais de Expediente/Escritório,Despesas Administrativas,Despesas Operacionais,"R$ 80,0"
01/11/2025,10/11/2025,Materiais de Expediente/Escritório,Despesas Administrativas,Despesas Operacionais,"R$ 80,0"
01/12/2025,10/12/2025,Materiais de Expediente/Escritório,Despesas Administrativas,Despesas Operacionais,"R$ 80,0"
01/01/2025,10/01/2025,Materiais para treinamentos,Custos com Serviços Prestados,Custos,"R$ 2.400,0"
01/02/2025,10/02/2025,Materiais para treinamentos,Custos com Serviços Prestados,Custos,"R$ 8.400,0"
01/03/2025,10/03/2025,Materiais para treinamentos,Custos com Serviços Prestados,Custos,"R$ 8.400,0"
01/04/2025,10/04/2025,Materiais para treinamentos,Custos com Serviços Prestados,Custos,"R$ 12.000,0"
01/05/2025,10/05/2025,Materiais para treinamentos,Custos com Serviços Prestados,Custos,"R$ 12.000,0"
01/06/2025,10/06/2025,Materiais para treinamentos,Custos com Serviços Prestados,Custos,"R$ 12.000,0"
01/07/2025,10/07/2025,Materiais para treinamentos,Custos com Serviços Prestados,Custos,"R$ 12.000,0"
01/08/2025,10/08/2025,Materiais para treinamentos,Custos com Serviços Prestados,Custos,"R$ 12.000,0"
01/09/2025,10/09/2025,Materiais para treinamentos,Custos com Serviços Prestados,Custos,"R$ 12.000,0"
01/10/2025,10/10/2025,Materiais para treinamentos,Custos com Serviços Prestados,Custos,"R$ 8.400,0"
01/11/2025,10/11/2025,Materiais para treinamentos,Custos com Serviços Prestados,Custos,"R$ 8.400,0"
01/12/2025,10/12/2025,Materiais para treinamentos,Custos com Serviços Prestados,Custos,"R$ 4.800,0"
01/01/2025,10/01/2025,Mobiliário,Investimentos em Bens Materiais,Investimentos,"R$ 1.500,0"
01/02/2025,10/02/2025,Mobiliário,Investimentos em Bens Materiais,Investimentos,"R$ 1.500,0"
01/03/2025,10/03/2025,Mobiliário,Investimentos em Bens Materiais,Investimentos,"R$ 1.500,0"
01/04/2025,10/04/2025,Mobiliário,Investimentos em Bens Materiais,Investimentos,"R$ 1.500,0"
01/05/2025,10/05/2025,Mobiliário,Investimentos em Bens Materiais,Investimentos,"R$ 1.500,0"
01/06/2025,10/06/2025,Mobiliário,Investimentos em Bens Materiais,Investimentos,"R$ 1.500,0"
01/07/2025,10/07/2025,Mobiliário,Investimentos em Bens Materiais,Investimentos,"R$ 1.500,0"
01/08/2025,10/08/2025,Mobiliário,Investimentos em Bens Materiais,Investimentos,"R$ 1.500,0"
01/09/2025,10/09/2025,Mobiliário,Investimentos em Bens Materiais,Investimentos,"R$ 1.500,0"
01/10/2025,10/10/2025,Mobiliário,Investimentos em Bens Materiais,Investimentos,"R$ 1.500,0"
01/11/2025,10/11/2025,Mobiliário,Investimentos em Bens Materiais,Investimentos,"R$ 1.500,0"
01/12/2025,10/12/2025,Mobiliário,Investimentos em Bens Materiais,Investimentos,"R$ 1.500,0"
01/01/2025,10/01/2025,Passagem aérea,Custos com Serviços Prestados,Custos,"R$ 8.512,9"
01/02/2025,10/02/2025,Passagem aérea,Custos com Serviços Prestados,Custos,"R$ 15.839,6"
01/03/2025,10/03/2025,Passagem aérea,Custos com Serviços Prestados,Custos,"R$ 15.839,6"
01/04/2025,10/04/2025,Passagem aérea,Custos com Serviços Prestados,Custos,"R$ 21.272,9"
01/05/2025,10/05/2025,Passagem aérea,Custos com Serviços Prestados,Custos,"R$ 22.272,9"
01/06/2025,10/06/2025,Passagem aérea,Custos com Serviços Prestados,Custos,"R$ 19.772,9"
01/07/2025,10/07/2025,Passagem aérea,Custos com Serviços Prestados,Custos,"R$ 23.439,6"
01/08/2025,10/08/2025,Passagem aérea,Custos com Serviços Prestados,Custos,"R$ 16.879,6"
01/09/2025,10/09/2025,Passagem aérea,Custos com Serviços Prestados,Custos,"R$ 18.212,9"
01/10/2025,10/10/2025,Passagem aérea,Custos com Serviços Prestados,Custos,"R$ 14.226,2"
01/11/2025,10/11/2025,Passagem aérea,Custos com Serviços Prestados,Custos,"R$ 11.759,6"
01/12/2025,10/12/2025,Passagem aérea,Custos com Serviços Prestados,Custos,"R$ 7.292,8"
01/01/2025,10/01/2025,Pró-Labore-ADM,Despesas com Pessoal,Despesas Operacionais,"R$ 16.200,0"
01/02/2025,10/02/2025,Pró-Labore-ADM,Despesas com Pessoal,Despesas Operacionais,"R$ 16.200,0"
01/03/2025,10/03/2025,Pró-Labore-ADM,Despesas com Pessoal,Despesas Operacionais,"R$ 16.200,0"
01/04/2025,10/04/2025,Pró-Labore-ADM,Despesas com Pessoal,Despesas Operacionais,"R$ 18.000,0"
01/05/2025,10/05/2025,Pró-Labore-ADM,Despesas com Pessoal,Despesas Operacionais,"R$ 18.000,0"
01/06/2025,10/06/2025,Pró-Labore-ADM,Despesas com Pessoal,Despesas Operacionais,"R$ 18.000,0"
01/07/2025,10/07/2025,Pró-Labore-ADM,Despesas com Pessoal,Despesas Operacionais,"R$ 18.000,0"
01/08/2025,10/08/2025,Pró-Labore-ADM,Despesas com Pessoal,Despesas Operacionais,"R$ 18.000,0"
01/09/2025,10/09/2025,Pró-Labore-ADM,Despesas com Pessoal,Despesas Operacionais,"R$ 18.000,0"
01/10/2025,10/10/2025,Pró-Labore-ADM,Despesas com Pessoal,Despesas Operacionais,"R$ 18.000,0"
01/11/2025,10/11/2025,Pró-Labore-ADM,Despesas com Pessoal,Despesas Operacionais,"R$ 18.000,0"
01/12/2025,10/12/2025,Pró-Labore-ADM,Despesas com Pessoal,Despesas Operacionais,"R$ 18.000,0"
01/01/2025,10/01/2025,Pró-Labore,Custos com Mão de Obra ,Custos,"R$ 10.800,0"
01/02/2025,10/02/2025,Pró-Labore,Custos com Mão de Obra ,Custos,"R$ 10.800,0"
01/03/2025,10/03/2025,Pró-Labore,Custos com Mão de Obra ,Custos,"R$ 10.800,0"
01/04/2025,10/04/2025,Pró-Labore,Custos com Mão de Obra ,Custos,"R$ 12.000,0"
01/05/2025,10/05/2025,Pró-Labore,Custos com Mão de Obra ,Custos,"R$ 12.000,0"
01/06/2025,10/06/2025,Pró-Labore,Custos com Mão de Obra ,Custos,"R$ 12.000,0"
01/07/2025,10/07/2025,Pró-Labore,Custos com Mão de Obra ,Custos,"R$ 12.000,0"
01/08/2025,10/08/2025,Pró-Labore,Custos com Mão de Obra ,Custos,"R$ 12.000,0"
01/09/2025,10/09/2025,Pró-Labore,Custos com Mão de Obra ,Custos,"R$ 12.000,0"
01/10/2025,10/10/2025,Pró-Labore,Custos com Mão de Obra ,Custos,"R$ 12.000,0"
01/11/2025,10/11/2025,Pró-Labore,Custos com Mão de Obra ,Custos,"R$ 12.000,0"
01/12/2025,10/12/2025,Pró-Labore,Custos com Mão de Obra ,Custos,"R$ 12.000,0"
01/01/2025,10/01/2025,Salário,Custos com Mão de Obra ,Custos,"R$ 8.100,1"
01/02/2025,10/02/2025,Salário,Custos com Mão de Obra ,Custos,"R$ 8.100,1"
01/03/2025,10/03/2025,Salário,Custos com Mão de Obra ,Custos,"R$ 12.882,0"
01/04/2025,10/04/2025,Salário,Custos com Mão de Obra ,Custos,"R$ 12.882,0"
01/05/2025,10/05/2025,Salário,Custos com Mão de Obra ,Custos,"R$ 12.882,0"
01/06/2025,10/06/2025,Salário,Custos com Mão de Obra ,Custos,"R$ 12.882,0"
01/07/2025,10/07/2025,Salário,Custos com Mão de Obra ,Custos,"R$ 12.882,0"
01/08/2025,10/08/2025,Salário,Custos com Mão de Obra ,Custos,"R$ 12.882,0"
01/09/2025,10/09/2025,Salário,Custos com Mão de Obra ,Custos,"R$ 12.882,0"
01/10/2025,10/10/2025,Salário,Custos com Mão de Obra ,Custos,"R$ 12.882,0"
01/11/2025,10/11/2025,Salário,Custos com Mão de Obra ,Custos,"R$ 12.882,0"
01/12/2025,10/12/2025,Salário,Custos com Mão de Obra ,Custos,"R$ 12.882,0"
01/01/2025,10/01/2025,Salário-ADM,Despesas com Pessoal,Despesas Operacionais,"R$ 12.309,0"
01/02/2025,10/02/2025,Salário-ADM,Despesas com Pessoal,Despesas Operacionais,"R$ 12.309,0"
01/03/2025,10/03/2025,Salário-ADM,Despesas com Pessoal,Despesas Operacionais,"R$ 12.309,0"
01/04/2025,10/04/2025,Salário-ADM,Despesas com Pessoal,Despesas Operacionais,"R$ 12.309,0"
01/05/2025,10/05/2025,Salário-ADM,Despesas com Pessoal,Despesas Operacionais,"R$ 12.309,0"
01/06/2025,10/06/2025,Salário-ADM,Despesas com Pessoal,Despesas Operacionais,"R$ 12.309,0"
01/07/2025,10/07/2025,Salário-ADM,Despesas com Pessoal,Despesas Operacionais,"R$ 12.309,0"
01/08/2025,10/08/2025,Salário-ADM,Despesas com Pessoal,Despesas Operacionais,"R$ 12.309,0"
01/09/2025,10/09/2025,Salário-ADM,Despesas com Pessoal,Despesas Operacionais,"R$ 12.309,0"
01/10/2025,10/10/2025,Salário-ADM,Despesas com Pessoal,Despesas Operacionais,"R$ 12.309,0"
01/11/2025,10/11/2025,Salário-ADM,Despesas com Pessoal,Despesas Operacionais,"R$ 12.309,0"
01/12/2025,10/12/2025,Salário-ADM,Despesas com Pessoal,Despesas Operacionais,"R$ 12.309,0"
01/04/2025,15/04/2025,Seguros,Despesas Administrativas,Despesas Operacionais,"R$ 250,0"
01/01/2025,10/01/2025,Seguros,Despesas Administrativas,Despesas Operacionais,"R$ 250,0"
01/02/2025,10/02/2025,Seguros,Despesas Administrativas,Despesas Operacionais,"R$ 250,0"
01/03/2025,10/03/2025,Seguros,Despesas Administrativas,Despesas Operacionais,"R$ 250,0"
01/04/2025,10/04/2025,Seguros,Despesas Administrativas,Despesas Operacionais,"R$ 250,0"
01/05/2025,10/05/2025,Seguros,Despesas Administrativas,Despesas Operacionais,"R$ 250,0"
01/06/2025,10/06/2025,Seguros,Despesas Administrativas,Despesas Operacionais,"R$ 250,0"
01/07/2025,10/07/2025,Seguros,Despesas Administrativas,Despesas Operacionais,"R$ 250,0"
01/08/2025,10/08/2025,Seguros,Despesas Administrativas,Despesas Operacionais,"R$ 250,0"
01/09/2025,10/09/2025,Seguros,Despesas Administrativas,Despesas Operacionais,"R$ 250,0"
01/10/2025,10/10/2025,Seguros,Despesas Administrativas,Despesas Operacionais,"R$ 250,0"
01/11/2025,10/11/2025,Seguros,Despesas Administrativas,Despesas Operacionais,"R$ 250,0"
01/12/2025,10/12/2025,Seguros,Despesas Administrativas,Despesas Operacionais,"R$ 250,0"
01/02/2025,10/02/2025,Serviços de Terceiros,Custos com Serviços Prestados,Custos,"R$ 7.500,0"
01/03/2025,10/03/2025,Serviços de Terceiros,Custos com Serviços Prestados,Custos,"R$ 7.500,0"
01/04/2025,10/04/2025,Serviços de Terceiros,Custos com Serviços Prestados,Custos,"R$ 7.500,0"
01/05/2025,10/05/2025,Serviços de Terceiros,Custos com Serviços Prestados,Custos,"R$ 7.500,0"
01/06/2025,10/06/2025,Serviços de Terceiros,Custos com Serviços Prestados,Custos,"R$ 7.500,0"
01/07/2025,10/07/2025,Serviços de Terceiros,Custos com Serviços Prestados,Custos,"R$ 7.500,0"
01/08/2025,10/08/2025,Serviços de Terceiros,Custos com Serviços Prestados,Custos,"R$ 7.500,0"
01/09/2025,10/09/2025,Serviços de Terceiros,Custos com Serviços Prestados,Custos,"R$ 7.500,0"
01/10/2025,10/10/2025,Serviços de Terceiros,Custos com Serviços Prestados,Custos,"R$ 7.500,0"
01/01/2025,10/01/2025,Simples Nacional,Deduções da receita,Deduções,"R$ 32.500,0"
01/02/2025,10/02/2025,Simples Nacional,Deduções da receita,Deduções,"R$ 18.991,0"
01/03/2025,10/03/2025,Simples Nacional,Deduções da receita,Deduções,"R$ 35.615,0"
01/04/2025,10/04/2025,Simples Nacional,Deduções da receita,Deduções,"R$ 36.815,0"
01/05/2025,10/05/2025,Simples Nacional,Deduções da receita,Deduções,"R$ 46.415,0"
01/06/2025,10/06/2025,Simples Nacional,Deduções da receita,Deduções,"R$ 48.815,0"
01/07/2025,10/07/2025,Simples Nacional,Deduções da receita,Deduções,"R$ 42.815,0"
01/08/2025,10/08/2025,Simples Nacional,Deduções da receita,Deduções,"R$ 51.615,0"
01/09/2025,10/09/2025,Simples Nacional,Deduções da receita,Deduções,"R$ 35.781,0"
01/10/2025,10/10/2025,Simples Nacional,Deduções da receita,Deduções,"R$ 39.071,0"
01/11/2025,10/11/2025,Simples Nacional,Deduções da receita,Deduções,"R$ 29.503,0"
01/12/2025,10/12/2025,Simples Nacional,Deduções da receita,Deduções,"R$ 29.503,0"
01/01/2025,10/01/2025,Telefone e Internet ,Despesas Administrativas,Despesas Operacionais,"R$ 139,0"
01/02/2025,10/02/2025,Telefone e Internet ,Despesas Administrativas,Despesas Operacionais,"R$ 139,0"
01/03/2025,10/03/2025,Telefone e Internet ,Despesas Administrativas,Despesas Operacionais,"R$ 139,0"
01/04/2025,10/04/2025,Telefone e Internet ,Despesas Administrativas,Despesas Operacionais,"R$ 139,0"
01/04/2025,10/04/2025,Telefone e Internet ,Despesas Administrativas,Despesas Operacionais,"R$ 139,0"
01/05/2025,10/05/2025,Telefone e Internet ,Despesas Administrativas,Despesas Operacionais,"R$ 139,0"
01/06/2025,10/06/2025,Telefone e Internet ,Despesas Administrativas,Despesas Operacionais,"R$ 139,0"
01/07/2025,10/07/2025,Telefone e Internet ,Despesas Administrativas,Despesas Operacionais,"R$ 139,0"
01/08/2025,10/08/2025,Telefone e Internet ,Despesas Administrativas,Despesas Operacionais,"R$ 139,0"
01/09/2025,10/09/2025,Telefone e Internet ,Despesas Administrativas,Despesas Operacionais,"R$ 139,0"
01/10/2025,10/10/2025,Telefone e Internet ,Despesas Administrativas,Despesas Operacionais,"R$ 139,0"
01/11/2025,10/11/2025,Telefone e Internet ,Despesas Administrativas,Despesas Operacionais,"R$ 139,0"
01/12/2025,10/12/2025,Telefone e Internet ,Despesas Administrativas,Despesas Operacionais,"R$ 139,0"
01/01/2025,10/01/2025,Treinamento e Desenvolvimento,Custos com Mão de Obra ,Custos,"R$ 1.800,0"
01/02/2025,10/02/2025,Treinamento e Desenvolvimento,Custos com Mão de Obra ,Custos,"R$ 1.800,0"
01/03/2025,10/03/2025,Treinamento e Desenvolvimento,Custos com Mão de Obra ,Custos,"R$ 1.800,0"
01/04/2025,10/04/2025,Treinamento e Desenvolvimento,Custos com Mão de Obra ,Custos,"R$ 1.800,0"
01/05/2025,10/05/2025,Treinamento e Desenvolvimento,Custos com Mão de Obra ,Custos,"R$ 1.800,0"
01/06/2025,10/06/2025,Treinamento e Desenvolvimento,Custos com Mão de Obra ,Custos,"R$ 1.800,0"
01/07/2025,10/07/2025,Treinamento e Desenvolvimento,Custos com Mão de Obra ,Custos,"R$ 1.800,0"
01/08/2025,10/08/2025,Treinamento e Desenvolvimento,Custos com Mão de Obra ,Custos,"R$ 1.800,0"
01/09/2025,10/09/2025,Treinamento e Desenvolvimento,Custos com Mão de Obra ,Custos,"R$ 1.800,0"
01/10/2025,10/10/2025,Treinamento e Desenvolvimento,Custos com Mão de Obra ,Custos,"R$ 1.800,0"
01/11/2025,10/11/2025,Treinamento e Desenvolvimento,Custos com Mão de Obra ,Custos,"R$ 1.800,0"
01/12/2025,10/12/2025,Treinamento e Desenvolvimento,Custos com Mão de Obra ,Custos,"R$ 1.800,0"
01/01/2025,10/01/2025,Treinamentos e consultorias B2B,Receita,Receita,"R$ 54.000,0"
01/02/2025,10/02/2025,Treinamentos e consultorias B2B,Receita,Receita,"R$ 67.000,0"
01/03/2025,10/03/2025,Treinamentos e consultorias B2B,Receita,Receita,"R$ 90.000,0"
01/04/2025,10/04/2025,Treinamentos e consultorias B2B,Receita,Receita,"R$ 93.750,0"
01/05/2025,10/05/2025,Treinamentos e consultorias B2B,Receita,Receita,"R$ 154.000,0"
01/06/2025,10/06/2025,Treinamentos e consultorias B2B,Receita,Receita,"R$ 154.000,0"
01/07/2025,10/07/2025,Treinamentos e consultorias B2B,Receita,Receita,"R$ 154.000,0"
01/08/2025,10/08/2025,Treinamentos e consultorias B2B,Receita,Receita,"R$ 154.000,0"
01/09/2025,10/09/2025,Treinamentos e consultorias B2B,Receita,Receita,"R$ 154.000,0"
01/10/2025,10/10/2025,Treinamentos e consultorias B2B,Receita,Receita,"R$ 154.000,0"
01/11/2025,10/11/2025,Treinamentos e consultorias B2B,Receita,Receita,"R$ 154.000,0"
01/12/2025,10/12/2025,Treinamentos e consultorias B2B,Receita,Receita,"R$ 117.000,0"
01/02/2025,10/02/2025,Treinamentos e consultorias Contratos antigos,Receita,Receita,"R$ 60.694,0"
01/03/2025,10/03/2025,Treinamentos e consultorias Contratos antigos,Receita,Receita,"R$ 137.594,0"
01/04/2025,10/04/2025,Treinamentos e consultorias Contratos antigos,Receita,Receita,"R$ 140.094,0"
01/05/2025,10/05/2025,Treinamentos e consultorias Contratos antigos,Receita,Receita,"R$ 165.094,0"
01/06/2025,10/06/2025,Treinamentos e consultorias Contratos antigos,Receita,Receita,"R$ 170.094,0"
01/07/2025,10/07/2025,Treinamentos e consultorias Contratos antigos,Receita,Receita,"R$ 142.594,0"
01/08/2025,10/08/2025,Treinamentos e consultorias Contratos antigos,Receita,Receita,"R$ 197.594,0"
01/09/2025,10/09/2025,Treinamentos e consultorias Contratos antigos,Receita,Receita,"R$ 89.194,0"
01/10/2025,10/10/2025,Treinamentos e consultorias Contratos antigos,Receita,Receita,"R$ 119.194,0"
01/11/2025,10/11/2025,Treinamentos e consultorias Contratos antigos,Receita,Receita,"R$ 118.778,0"
01/12/2025,10/12/2025,Treinamentos e consultorias Contratos antigos,Receita,Receita,"R$ 89.394,0"
01/03/2025,10/03/2025,Uniformes e EPIs,Despesas com Pessoal,Despesas Operacionais,"R$ 650,0"
01/07/2025,10/07/2025,Uniformes e EPIs,Despesas com Pessoal,Despesas Operacionais,"R$ 650,0"
01/10/2025,10/10/2025,Uniformes e EPIs,Despesas com Pessoal,Despesas Operacionais,"R$ 650,0"
01/01/2025,10/01/2025,Vale Alimentação-ADM,Despesas com Pessoal,Despesas Operacionais,"R$ 3.200,0"
01/02/2025,10/02/2025,Vale Alimentação-ADM,Despesas com Pessoal,Despesas Operacionais,"R$ 3.200,0"
01/03/2025,10/03/2025,Vale Alimentação-ADM,Despesas com Pessoal,Despesas Operacionais,"R$ 3.600,0"
01/04/2025,10/04/2025,Vale Alimentação-ADM,Despesas com Pessoal,Despesas Operacionais,"R$ 3.600,0"
01/05/2025,10/05/2025,Vale Alimentação-ADM,Despesas com Pessoal,Despesas Operacionais,"R$ 4.000,0"
01/06/2025,10/06/2025,Vale Alimentação-ADM,Despesas com Pessoal,Despesas Operacionais,"R$ 4.000,0"
01/07/2025,10/07/2025,Vale Alimentação-ADM,Despesas com Pessoal,Despesas Operacionais,"R$ 4.000,0"
01/08/2025,10/08/2025,Vale Alimentação-ADM,Despesas com Pessoal,Despesas Operacionais,"R$ 4.000,0"
01/09/2025,10/09/2025,Vale Alimentação-ADM,Despesas com Pessoal,Despesas Operacionais,"R$ 4.000,0"
01/10/2025,10/10/2025,Vale Alimentação-ADM,Despesas com Pessoal,Despesas Operacionais,"R$ 4.000,0"
01/11/2025,10/11/2025,Vale Alimentação-ADM,Despesas com Pessoal,Despesas Operacionais,"R$ 4.000,0"
01/12/2025,10/12/2025,Treinamentos e consultorias Contratos antigos,Receita,Receita,"R$ 4.000,0"
01/01/2025,10/01/2025,Vale transporte,Custos com Mão de Obra ,Custos,"R$ 1.260,0"
01/02/2025,10/02/2025,Vale transporte,Custos com Mão de Obra ,Custos,"R$ 1.260,0"
01/03/2025,10/03/2025,Vale transporte,Custos com Mão de Obra ,Custos,"R$ 1.260,0"
01/04/2025,10/04/2025,Vale transporte,Custos com Mão de Obra ,Custos,"R$ 1.260,0"
01/05/2025,10/05/2025,Vale transporte,Custos com Mão de Obra ,Custos,"R$ 1.260,0"
01/06/2025,10/06/2025,Vale transporte,Custos com Mão de Obra ,Custos,"R$ 1.260,0"
01/07/2025,10/07/2025,Vale transporte,Custos com Mão de Obra ,Custos,"R$ 1.260,0"
01/08/2025,10/08/2025,Vale transporte,Custos com Mão de Obra ,Custos,"R$ 1.260,0"
01/09/2025,10/09/2025,Vale transporte,Custos com Mão de Obra ,Custos,"R$ 1.260,0"
01/10/2025,10/10/2025,Vale transporte,Custos com Mão de Obra ,Custos,"R$ 1.260,0"
01/11/2025,10/11/2025,Vale transporte,Custos com Mão de Obra ,Custos,"R$ 1.260,0"
01/12/2025,10/12/2025,Vale transporte,Custos com Mão de Obra ,Custos,"R$ 1.260,0"
01/02/2025,10/02/2025,Venda B2C - Comercial,Receita,Receita,"R$ 10.000,0"
01/05/2025,10/05/2025,Venda B2C - Comercial,Receita,Receita,"R$ 10.000,0"
01/08/2025,10/08/2025,Venda B2C - Comercial,Receita,Receita,"R$ 10.000,0"
01/11/2025,10/11/2025,Venda B2C - Comercial,Receita,Receita,"R$ 20.000,0"
01/03/2025,10/03/2025,Realização Eventos,Despesas Marketing,Despesas Operacionais,"R$ 5.000,0"
01/05/2025,10/05/2025,Realização Eventos,Despesas Marketing,Despesas Operacionais,"R$ 5.000,0"
01/07/2025,10/07/2025,Realização Eventos,Despesas Marketing,Despesas Operacionais,"R$ 20.000,0"
01/09/2025,10/09/2025,Realização Eventos,Despesas Marketing,Despesas Operacionais,"R$ 5.000,0"
01/12/2025,10/12/2025,Realização Eventos,Despesas Marketing,Despesas Operacionais,"R$ 2.000,0"
01/01/2025,10/01/2025,Agências de markentig e Gestão de trafégo ,Despesas Marketing,Despesas Operacionais,"R$ 500,0"
01/02/2025,10/02/2025,Agências de markentig e Gestão de trafégo ,Despesas Marketing,Despesas Operacionais,"R$ 500,0"
01/03/2025,10/03/2025,Agências de markentig e Gestão de trafégo ,Despesas Marketing,Despesas Operacionais,"R$ 500,0"
01/04/2025,10/04/2025,Agências de markentig e Gestão de trafégo ,Despesas Marketing,Despesas Operacionais,"R$ 500,0"
01/05/2025,10/05/2025,Agências de markentig e Gestão de trafégo ,Despesas Marketing,Despesas Operacionais,"R$ 500,0"
01/06/2025,10/06/2025,Agências de markentig e Gestão de trafégo ,Despesas Marketing,Despesas Operacionais,"R$ 500,0"
01/07/2025,10/07/2025,Agências de markentig e Gestão de trafégo ,Despesas Marketing,Despesas Operacionais,"R$ 500,0"
01/08/2025,10/08/2025,Agências de markentig e Gestão de trafégo ,Despesas Marketing,Despesas Operacionais,"R$ 500,0"
01/09/2025,10/09/2025,Agências de markentig e Gestão de trafégo ,Despesas Marketing,Despesas Operacionais,"R$ 500,0"
01/10/2025,10/10/2025,Agências de markentig e Gestão de trafégo ,Despesas Marketing,Despesas Operacionais,"R$ 500,0"
01/11/2025,10/11/2025,Agências de markentig e Gestão de trafégo ,Despesas Marketing,Despesas Operacionais,"R$ 500,0"
01/12/2025,10/12/2025,Agências de markentig e Gestão de trafégo ,Despesas Marketing,Despesas Operacionais,"R$ 500,0"
01/01/2025,10/01/2025,Parcelamento Simples ,Deduções da receita,Deduções,"R$ 625,0"
01/02/2025,10/02/2025,Parcelamento Simples ,Deduções da receita,Deduções,"R$ 625,0"
01/03/2025,10/03/2025,Parcelamento Simples ,Deduções da receita,Deduções,"R$ 625,0"
01/04/2025,10/04/2025,Parcelamento Simples ,Deduções da receita,Deduções,"R$ 625,0"
01/05/2025,10/05/2025,Parcelamento Simples ,Deduções da receita,Deduções,"R$ 625,0"
01/06/2025,10/06/2025,Parcelamento Simples ,Deduções da receita,Deduções,"R$ 625,0"
01/07/2025,10/07/2025,Parcelamento Simples ,Deduções da receita,Deduções,"R$ 625,0"
01/08/2025,10/08/2025,Parcelamento Simples ,Deduções da receita,Deduções,"R$ 625,0"
01/09/2025,10/09/2025,Parcelamento Simples ,Deduções da receita,Deduções,"R$ 625,0"
01/10/2025,10/10/2025,Parcelamento Simples ,Deduções da receita,Deduções,"R$ 625,0"
01/11/2025,10/11/2025,Parcelamento Simples ,Deduções da receita,Deduções,"R$ 625,0"
01/12/2025,10/12/2025,Parcelamento Simples ,Deduções da receita,Deduções,"R$ 625,0"
01/01/2025,10/01/2025,Juros e Multas Financeiras,Despesas Financeiras,Despesas Operacionais,"R$ 200,0"
01/02/2025,10/02/2025,Juros e Multas Financeiras,Despesas Financeiras,Despesas Operacionais,"R$ 200,0"
01/03/2025,10/03/2025,Juros e Multas Financeiras,Despesas Financeiras,Despesas Operacionais,"R$ 200,0"
01/04/2025,10/04/2025,Juros e Multas Financeiras,Despesas Financeiras,Despesas Operacionais,"R$ 200,0"
01/05/2025,10/05/2025,Juros e Multas Financeiras,Despesas Financeiras,Despesas Operacionais,"R$ 200,0"
01/06/2025,10/06/2025,Juros e Multas Financeiras,Despesas Financeiras,Despesas Operacionais,"R$ 200,0"
01/07/2025,10/07/2025,Juros e Multas Financeiras,Despesas Financeiras,Despesas Operacionais,"R$ 200,0"
01/08/2025,10/08/2025,Juros e Multas Financeiras,Despesas Financeiras,Despesas Operacionais,"R$ 200,0"
01/09/2025,10/09/2025,Juros e Multas Financeiras,Despesas Financeiras,Despesas Operacionais,"R$ 200,0"
01/10/2025,10/10/2025,Juros e Multas Financeiras,Despesas Financeiras,Despesas Operacionais,"R$ 200,0"
01/11/2025,10/11/2025,Juros e Multas Financeiras,Despesas Financeiras,Despesas Operacionais,"R$ 200,0"
01/12/2025,10/12/2025,Juros e Multas Financeiras,Despesas Financeiras,Despesas Operacionais,"R$ 200,0"
01/01/2025,10/01/2025,Sistemas ADM/Licenças de softwares,,,"R$ 150,0"
01/02/2025,10/02/2025,Sistemas ADM/Licenças de softwares,,,"R$ 150,0"
01/03/2025,10/03/2025,Sistemas ADM/Licenças de softwares,,,"R$ 150,0"
01/04/2025,10/04/2025,Sistemas ADM/Licenças de softwares,,,"R$ 150,0"
01/05/2025,10/05/2025,Sistemas ADM/Licenças de softwares,,,"R$ 150,0"
01/06/2025,10/06/2025,Sistemas ADM/Licenças de softwares,,,"R$ 150,0"
01/07/2025,10/07/2025,Sistemas ADM/Licenças de softwares,,,"R$ 150,0"
01/08/2025,10/08/2025,Sistemas ADM/Licenças de softwares,,,"R$ 150,0"
01/09/2025,10/09/2025,Sistemas ADM/Licenças de softwares,,,"R$ 150,0"
01/10/2025,10/10/2025,Sistemas ADM/Licenças de softwares,,,"R$ 150,0"
01/11/2025,10/11/2025,Sistemas ADM/Licenças de softwares,,,"R$ 150,0"
01/12/2025,10/12/2025,Sistemas ADM/Licenças de softwares,,,"R$ 150,0"
01/01/2025,10/01/2025,INSS ,Custos com Mão de Obra ,Custos,"R$ 3.928,0"
01/02/2025,10/02/2025,INSS ,Custos com Mão de Obra ,Custos,"R$ 3.928,0"
01/03/2025,10/03/2025,INSS ,Custos com Mão de Obra ,Custos,"R$ 3.928,0"
01/04/2025,10/04/2025,INSS ,Custos com Mão de Obra ,Custos,"R$ 3.928,0"
01/05/2025,10/05/2025,INSS ,Custos com Mão de Obra ,Custos,"R$ 3.928,0"
01/06/2025,10/06/2025,INSS ,Custos com Mão de Obra ,Custos,"R$ 3.928,0"
01/07/2025,10/07/2025,INSS ,Custos com Mão de Obra ,Custos,"R$ 3.928,0"
01/08/2025,10/08/2025,INSS ,Custos com Mão de Obra ,Custos,"R$ 3.928,0"
01/09/2025,10/09/2025,INSS ,Custos com Mão de Obra ,Custos,"R$ 3.928,0"
01/10/2025,10/10/2025,INSS ,Custos com Mão de Obra ,Custos,"R$ 3.928,0"
01/11/2025,10/11/2025,INSS ,Custos com Mão de Obra ,Custos,"R$ 3.928,0"
01/12/2025,10/12/2025,INSS ,Custos com Mão de Obra ,Custos,"R$ 3.928,0"
01/01/2025,10/01/2025,Expansão ,Outros Investimentos,Investimentos,"R$ 1.000,0"
01/02/2025,10/02/2025,Expansão ,Outros Investimentos,Investimentos,"R$ 1.000,0"
01/03/2025,10/03/2025,Expansão ,Outros Investimentos,Investimentos,"R$ 1.000,0"
01/04/2025,10/04/2025,Expansão ,Outros Investimentos,Investimentos,"R$ 500,0"
01/01/2025,10/01/2025,Giro Pronampe,Saídas não Operacionais,Movimentações Não Operacionais,"R$ 1.870,0"
01/02/2025,10/02/2025,Giro Pronampe,Saídas não Operacionais,Movimentações Não Operacionais,"R$ 1.870,0"
01/03/2025,10/03/2025,Giro Pronampe,Saídas não Operacionais,Movimentações Não Operacionais,"R$ 1.870,0"
01/04/2025,10/04/2025,Giro Pronampe,Saídas não Operacionais,Movimentações Não Operacionais,"R$ 1.870,0"
01/05/2025,10/05/2025,Giro Pronampe,Saídas não Operacionais,Movimentações Não Operacionais,"R$ 1.870,0"
01/06/2025,10/06/2025,Giro Pronampe,Saídas não Operacionais,Movimentações Não Operacionais,"R$ 1.870,0"
01/07/2025,10/07/2025,Giro Pronampe,Saídas não Operacionais,Movimentações Não Operacionais,"R$ 1.870,0"
01/08/2025,10/08/2025,Giro Pronampe,Saídas não Operacionais,Movimentações Não Operacionais,"R$ 1.870,0"
01/09/2025,10/09/2025,Giro Pronampe,Saídas não Operacionais,Movimentações Não Operacionais,"R$ 1.870,0"
01/10/2025,10/10/2025,Giro Pronampe,Saídas não Operacionais,Movimentações Não Operacionais,"R$ 1.870,0"
01/11/2025,10/11/2025,Giro Pronampe,Saídas não Operacionais,Movimentações Não Operacionais,"R$ 1.870,0"
01/12/2025,10/12/2025,Giro Pronampe,Saídas não Operacionais,Movimentações Não Operacionais,"R$ 1.870,0"